# --- WireDatabaseBackup {"time":"2026-01-05 14:46:26","user":"chadm","dbName":"carolinherrlich","description":"","tables":[],"excludeTables":[],"excludeCreateTables":[],"excludeExportTables":[]}

DROP TABLE IF EXISTS `appapi_apikeys`;
CREATE TABLE `appapi_apikeys` (
  `id` int(11) NOT NULL AUTO_INCREMENT,
  `application_id` int(11) NOT NULL,
  `created` datetime NOT NULL,
  `created_user_id` int(11) NOT NULL,
  `modified` datetime NOT NULL,
  `modified_user_id` int(11) NOT NULL,
  `key` varchar(100) NOT NULL,
  `version` varchar(100) NOT NULL,
  `description` text,
  `accessible_until` datetime DEFAULT NULL,
  PRIMARY KEY (`id`)
) ENGINE=InnoDB AUTO_INCREMENT=2 DEFAULT CHARSET=latin1;

INSERT INTO `appapi_apikeys` (`id`, `application_id`, `created`, `created_user_id`, `modified`, `modified_user_id`, `key`, `version`, `description`, `accessible_until`) VALUES('1', '1', '2025-12-11 18:07:26', '41', '2025-12-11 18:07:26', '41', '4vSjYIPXcho2NMXr0GcGn', '1.0.0', '', NULL);

DROP TABLE IF EXISTS `appapi_applications`;
CREATE TABLE `appapi_applications` (
  `id` int(11) NOT NULL AUTO_INCREMENT,
  `created` datetime NOT NULL,
  `created_user_id` int(11) NOT NULL,
  `modified` datetime NOT NULL,
  `modified_user_id` int(11) NOT NULL,
  `title` varchar(100) NOT NULL,
  `description` text,
  `authtype` int(11) NOT NULL,
  `logintype` longtext NOT NULL,
  `token_secret` varchar(100) NOT NULL,
  `expires_in` int(11) NOT NULL,
  `accesstoken_secret` varchar(100) NOT NULL,
  `default_application` int(1) NOT NULL DEFAULT '0',
  PRIMARY KEY (`id`)
) ENGINE=InnoDB AUTO_INCREMENT=2 DEFAULT CHARSET=latin1;

INSERT INTO `appapi_applications` (`id`, `created`, `created_user_id`, `modified`, `modified_user_id`, `title`, `description`, `authtype`, `logintype`, `token_secret`, `expires_in`, `accesstoken_secret`, `default_application`) VALUES('1', '2025-12-11 18:07:13', '41', '2025-12-11 18:07:13', '41', 'default', '', '0', '[\"logintypeUsernamePassword\"]', 'WbofGH/A4tnSrI3r1uNykxbXDof2nePawmsWSQEMgM2nCJQFPFerurlv', '2592000', '5BzSO4nBmN3xeHUe1TLkhQa5G+8+rzhDo8qyoe8l', '0');

DROP TABLE IF EXISTS `appapi_apptokens`;
CREATE TABLE `appapi_apptokens` (
  `id` int(11) NOT NULL AUTO_INCREMENT,
  `application_id` int(11) NOT NULL,
  `created` datetime NOT NULL,
  `created_user_id` int(11) NOT NULL,
  `modified` datetime NOT NULL,
  `modified_user_id` int(11) NOT NULL,
  `token_id` varchar(100) NOT NULL,
  `user_id` int(11) NOT NULL,
  `last_used` datetime DEFAULT NULL,
  `expiration_time` datetime DEFAULT NULL,
  `not_before_time` datetime DEFAULT NULL,
  PRIMARY KEY (`id`)
) ENGINE=InnoDB DEFAULT CHARSET=latin1;


DROP TABLE IF EXISTS `caches`;
CREATE TABLE `caches` (
  `name` varchar(191) NOT NULL,
  `data` mediumtext NOT NULL,
  `expires` datetime NOT NULL,
  PRIMARY KEY (`name`),
  KEY `expires` (`expires`)
) ENGINE=InnoDB DEFAULT CHARSET=utf8mb4;

INSERT INTO `caches` (`name`, `data`, `expires`) VALUES('app-api__1-default', 'O:8:\"stdClass\":2:{s:4:\"meta\";O:8:\"stdClass\":5:{s:2:\"id\";i:1;s:4:\"name\";s:4:\"home\";s:3:\"url\";s:1:\"/\";s:8:\"template\";s:4:\"home\";s:9:\"alternate\";a:0:{}}s:6:\"fields\";a:2:{s:5:\"title\";s:4:\"Home\";s:16:\"meta_description\";s:0:\"\";}}', '2026-01-11 05:36:38');
INSERT INTO `caches` (`name`, `data`, `expires`) VALUES('app-api__defaults-default', 'O:8:\"stdClass\":3:{s:18:\"availableLanguages\";a:1:{i:0;s:2:\"de\";}s:8:\"appTitle\";s:4:\"Home\";s:10:\"navigation\";a:2:{i:0;O:8:\"stdClass\":3:{s:4:\"name\";i:1;s:4:\"meta\";O:8:\"stdClass\":4:{s:2:\"id\";i:1;s:8:\"template\";s:4:\"home\";s:5:\"title\";s:4:\"Home\";s:3:\"url\";s:1:\"/\";}s:4:\"path\";s:1:\"/\";}i:1;O:8:\"stdClass\":3:{s:4:\"name\";i:1020;s:4:\"meta\";O:8:\"stdClass\":4:{s:2:\"id\";i:1020;s:8:\"template\";s:10:\"basic-page\";s:5:\"title\";s:11:\"Hello World\";s:3:\"url\";s:13:\"/hello-world/\";}s:4:\"path\";s:13:\"/hello-world/\";}}}', '2026-01-11 05:36:38');
INSERT INTO `caches` (`name`, `data`, `expires`) VALUES('FileCompiler__4369ecc94fd28683e880c8b160feb9f7', '{\"source\":{\"file\":\"\\/Users\\/nadineprigann\\/cloud\\/work\\/projects\\/carolin herrlich\\/entwicklung\\/carolin-herrlich\\/backend\\/dist\\/site\\/modules\\/AppApi\\/AppApi.config.php\",\"hash\":\"7623380ac606e1935757da17de725126\",\"size\":1072,\"time\":1765475398,\"ns\":\"\\\\\"},\"target\":{\"file\":\"\\/Users\\/nadineprigann\\/cloud\\/work\\/projects\\/carolin herrlich\\/entwicklung\\/carolin-herrlich\\/backend\\/dist\\/site\\/assets\\/cache\\/FileCompiler\\/site\\/modules\\/AppApi\\/AppApi.config.php\",\"hash\":\"7623380ac606e1935757da17de725126\",\"size\":1072,\"time\":1765475398}}', '2010-04-08 03:10:10');
INSERT INTO `caches` (`name`, `data`, `expires`) VALUES('FileCompiler__57cf469ec1ab9d103513c3731d1c7b19', '{\"source\":{\"file\":\"\\/Users\\/nadineprigann\\/cloud\\/work\\/projects\\/carolin herrlich\\/entwicklung\\/carolin-herrlich\\/backend\\/dist\\/site\\/modules\\/GithubRepositoryDispatch\\/GithubRepositoryDispatch.config.php\",\"hash\":\"71865949670a658881a2671718d912f9\",\"size\":1843,\"time\":1765475399,\"ns\":\"\\\\\"},\"target\":{\"file\":\"\\/Users\\/nadineprigann\\/cloud\\/work\\/projects\\/carolin herrlich\\/entwicklung\\/carolin-herrlich\\/backend\\/dist\\/site\\/assets\\/cache\\/FileCompiler\\/site\\/modules\\/GithubRepositoryDispatch\\/GithubRepositoryDispatch.config.php\",\"hash\":\"71865949670a658881a2671718d912f9\",\"size\":1843,\"time\":1765475399}}', '2010-04-08 03:10:10');
INSERT INTO `caches` (`name`, `data`, `expires`) VALUES('FileCompiler__785f6ed471d4c4e5c63eafcb9d073bfa', '{\"source\":{\"file\":\"\\/Users\\/nadineprigann\\/cloud\\/work\\/projects\\/carolin herrlich\\/entwicklung\\/carolin-herrlich\\/backend\\/dist\\/site\\/modules\\/ProcessCustomUploadNames\\/ProcessCustomUploadNames.module.php\",\"hash\":\"14026674740d42783d0ec214abcb31c3\",\"size\":43406,\"time\":1765475399,\"ns\":\"\\\\\"},\"target\":{\"file\":\"\\/Users\\/nadineprigann\\/cloud\\/work\\/projects\\/carolin herrlich\\/entwicklung\\/carolin-herrlich\\/backend\\/dist\\/site\\/assets\\/cache\\/FileCompiler\\/site\\/modules\\/ProcessCustomUploadNames\\/ProcessCustomUploadNames.module.php\",\"hash\":\"36839171ae05fec97b270a835c9f19d7\",\"size\":44300,\"time\":1765475399}}', '2010-04-08 03:10:10');
INSERT INTO `caches` (`name`, `data`, `expires`) VALUES('Modules.info', '{\"179\":{\"name\":\"FieldtypePageTitleLanguage\",\"title\":\"Page Title (Multi-Language)\",\"version\":100,\"requiresVersions\":{\"LanguageSupportFields\":[\">=\",0],\"FieldtypeTextLanguage\":[\">=\",0]},\"singular\":true,\"created\":1675589940},\"178\":{\"name\":\"FieldtypeTextLanguage\",\"title\":\"Text (Multi-language)\",\"version\":100,\"requiresVersions\":{\"LanguageSupportFields\":[\">=\",0]},\"singular\":true,\"created\":1675589940},\"180\":{\"name\":\"FieldtypeTextareaLanguage\",\"title\":\"Textarea (Multi-language)\",\"version\":100,\"requiresVersions\":{\"LanguageSupportFields\":[\">=\",0]},\"singular\":true,\"created\":1675589940},\"171\":{\"name\":\"LanguageSupport\",\"title\":\"Languages Support\",\"version\":104,\"installs\":[\"ProcessLanguage\",\"ProcessLanguageTranslator\"],\"autoload\":true,\"singular\":true,\"created\":1674137476,\"configurable\":3,\"addFlag\":32},\"177\":{\"name\":\"LanguageSupportFields\",\"title\":\"Languages Support - Fields\",\"version\":101,\"requiresVersions\":{\"LanguageSupport\":[\">=\",0]},\"installs\":[\"FieldtypePageTitleLanguage\",\"FieldtypeTextareaLanguage\",\"FieldtypeTextLanguage\"],\"autoload\":true,\"singular\":true,\"created\":1675589940},\"173\":{\"name\":\"ProcessLanguageTranslator\",\"title\":\"Language Translator\",\"version\":103,\"requiresVersions\":{\"LanguageSupport\":[\">=\",0]},\"permission\":\"lang-edit\",\"singular\":1,\"created\":1674137477,\"configurable\":4},\"172\":{\"name\":\"ProcessLanguage\",\"title\":\"Sprachen\",\"version\":103,\"icon\":\"language\",\"requiresVersions\":{\"LanguageSupport\":[\">=\",0]},\"permission\":\"lang-edit\",\"singular\":1,\"created\":1674137476,\"configurable\":3,\"useNavJSON\":true},\"170\":{\"name\":\"TextformatterMarkdownExtra\",\"title\":\"Markdown\\/Parsedown Extra\",\"version\":180,\"singular\":1,\"created\":1674135791,\"configurable\":4},\"61\":{\"name\":\"TextformatterEntities\",\"title\":\"HTML Entity Encoder (htmlspecialchars)\",\"version\":100,\"created\":1674133490},\"117\":{\"name\":\"JqueryUI\",\"title\":\"jQuery UI\",\"version\":\"1.10.4\",\"singular\":true,\"created\":1674133490,\"permanent\":true},\"103\":{\"name\":\"JqueryTableSorter\",\"title\":\"jQuery Table Sorter Plugin\",\"version\":\"2.31.3\",\"singular\":1,\"created\":1674133490},\"116\":{\"name\":\"JqueryCore\",\"title\":\"jQuery Core\",\"version\":\"1.12.4\",\"singular\":true,\"created\":1674133490,\"permanent\":true},\"45\":{\"name\":\"JqueryWireTabs\",\"title\":\"jQuery Wire Tabs Plugin\",\"version\":110,\"created\":1674133490,\"configurable\":3,\"permanent\":true},\"151\":{\"name\":\"JqueryMagnific\",\"title\":\"jQuery Magnific Popup\",\"version\":\"1.1.0\",\"singular\":1,\"created\":1674133490},\"176\":{\"name\":\"ImageSizerEngineIMagick\",\"title\":\"IMagick Image Sizer\",\"version\":3,\"created\":1675379801,\"configurable\":4},\"139\":{\"name\":\"SystemUpdater\",\"title\":\"System-Updater\",\"version\":20,\"singular\":true,\"created\":1674133490,\"configurable\":3,\"permanent\":true},\"113\":{\"name\":\"MarkupPageArray\",\"title\":\"PageArray Markup\",\"version\":100,\"autoload\":true,\"singular\":true,\"created\":1674133490},\"156\":{\"name\":\"MarkupHTMLPurifier\",\"title\":\"HTML Purifier\",\"version\":497,\"created\":1674133490},\"98\":{\"name\":\"MarkupPagerNav\",\"title\":\"Pager (Pagination) Navigation\",\"version\":105,\"created\":1674133490},\"67\":{\"name\":\"MarkupAdminDataTable\",\"title\":\"Admin Data Table\",\"version\":107,\"created\":1674133490,\"permanent\":true},\"115\":{\"name\":\"PageRender\",\"title\":\"Seiten-Rendering\",\"version\":105,\"autoload\":true,\"singular\":true,\"created\":1674133490,\"configurable\":3,\"permanent\":true},\"57\":{\"name\":\"FieldtypeImage\",\"title\":\"Images\",\"version\":102,\"created\":1674133490,\"configurable\":4,\"permanent\":true},\"105\":{\"name\":\"FieldtypeFieldsetOpen\",\"title\":\"Fieldset (Open)\",\"version\":101,\"singular\":true,\"created\":1674133490,\"permanent\":true},\"6\":{\"name\":\"FieldtypeFile\",\"title\":\"Dateien\",\"version\":107,\"created\":1674133490,\"configurable\":4,\"permanent\":true},\"4\":{\"name\":\"FieldtypePage\",\"title\":\"Page Reference\",\"version\":107,\"created\":1674133490,\"configurable\":3,\"permanent\":true},\"1\":{\"name\":\"FieldtypeTextarea\",\"title\":\"Textarea\",\"version\":107,\"created\":1674133490,\"permanent\":true},\"27\":{\"name\":\"FieldtypeModule\",\"title\":\"Module Reference\",\"version\":102,\"created\":1674133490,\"permanent\":true},\"182\":{\"name\":\"FieldtypeRepeater\",\"title\":\"Repeater\",\"version\":113,\"installs\":[\"InputfieldRepeater\"],\"autoload\":true,\"singular\":true,\"created\":1675874256,\"configurable\":3},\"183\":{\"name\":\"InputfieldRepeater\",\"title\":\"Repeater\",\"version\":111,\"requiresVersions\":{\"FieldtypeRepeater\":[\">=\",0]},\"created\":1675874256},\"111\":{\"name\":\"FieldtypePageTitle\",\"title\":\"Page Title\",\"version\":100,\"singular\":true,\"created\":1674133490,\"permanent\":true},\"135\":{\"name\":\"FieldtypeURL\",\"title\":\"URL\",\"version\":101,\"singular\":true,\"created\":1674133490,\"permanent\":true},\"84\":{\"name\":\"FieldtypeInteger\",\"title\":\"Integer\",\"version\":102,\"created\":1674133490,\"permanent\":true},\"106\":{\"name\":\"FieldtypeFieldsetClose\",\"title\":\"Fieldset (Close)\",\"version\":100,\"singular\":true,\"created\":1674133490,\"permanent\":true},\"133\":{\"name\":\"FieldtypePassword\",\"title\":\"Password\",\"version\":101,\"singular\":true,\"created\":1674133490,\"permanent\":true},\"97\":{\"name\":\"FieldtypeCheckbox\",\"title\":\"Checkbox\",\"version\":101,\"singular\":true,\"created\":1674133490,\"permanent\":true},\"89\":{\"name\":\"FieldtypeFloat\",\"title\":\"Flie\\u00dfkomma-Zahl\",\"version\":108,\"singular\":true,\"created\":1674133490,\"permanent\":true},\"3\":{\"name\":\"FieldtypeText\",\"title\":\"Text\",\"version\":102,\"created\":1674133490,\"permanent\":true},\"107\":{\"name\":\"FieldtypeFieldsetTabOpen\",\"title\":\"Fieldset in Tab (Open)\",\"version\":100,\"singular\":true,\"created\":1674133490,\"permanent\":true},\"29\":{\"name\":\"FieldtypeEmail\",\"title\":\"E-Mail\",\"version\":101,\"created\":1674133490},\"28\":{\"name\":\"FieldtypeDatetime\",\"title\":\"Datetime\",\"version\":105,\"created\":1674133490},\"160\":{\"name\":\"AdminThemeUikit\",\"title\":\"Uikit\",\"version\":34,\"autoload\":\"template=admin\",\"created\":1674133503,\"configurable\":4},\"148\":{\"name\":\"AdminThemeDefault\",\"title\":\"Default\",\"version\":14,\"autoload\":\"template=admin\",\"created\":1674133490,\"configurable\":19},\"114\":{\"name\":\"PagePermissions\",\"title\":\"Page Permissions\",\"version\":105,\"autoload\":true,\"singular\":true,\"created\":1674133490,\"permanent\":true},\"85\":{\"name\":\"InputfieldInteger\",\"title\":\"Integer\",\"version\":105,\"created\":1674133490,\"permanent\":true},\"108\":{\"name\":\"InputfieldURL\",\"title\":\"URL\",\"version\":103,\"created\":1674133490},\"40\":{\"name\":\"InputfieldHidden\",\"title\":\"Versteckt\",\"version\":101,\"created\":1674133490,\"permanent\":true},\"90\":{\"name\":\"InputfieldFloat\",\"title\":\"Flie\\u00dfkommazahl\",\"version\":105,\"created\":1674133490,\"permanent\":true},\"38\":{\"name\":\"InputfieldCheckboxes\",\"title\":\"Checkboxen\",\"version\":108,\"created\":1674133490,\"permanent\":true},\"36\":{\"name\":\"InputfieldSelect\",\"title\":\"select-Auswahl\",\"version\":103,\"created\":1674133490,\"permanent\":true},\"78\":{\"name\":\"InputfieldFieldset\",\"title\":\"Fieldset\",\"version\":101,\"created\":1674133490,\"permanent\":true},\"56\":{\"name\":\"InputfieldImage\",\"title\":\"Bilder\",\"version\":129,\"created\":1674133490,\"permanent\":true},\"35\":{\"name\":\"InputfieldTextarea\",\"title\":\"Textarea\",\"version\":103,\"created\":1674133490,\"permanent\":true},\"55\":{\"name\":\"InputfieldFile\",\"title\":\"Dateien\",\"version\":129,\"created\":1674133490,\"permanent\":true},\"169\":{\"name\":\"InputfieldToggle\",\"title\":\"Umschalter\",\"version\":1,\"created\":1674135637},\"131\":{\"name\":\"InputfieldButton\",\"title\":\"Button\",\"version\":100,\"created\":1674133490,\"permanent\":true},\"25\":{\"name\":\"InputfieldAsmSelect\",\"title\":\"asmSelect\",\"version\":203,\"created\":1674133490,\"permanent\":true},\"60\":{\"name\":\"InputfieldPage\",\"title\":\"Page\",\"version\":109,\"created\":1674133490,\"configurable\":3,\"permanent\":true},\"80\":{\"name\":\"InputfieldEmail\",\"title\":\"E-Mail\",\"version\":102,\"created\":1674133490},\"86\":{\"name\":\"InputfieldPageName\",\"title\":\"Page Name\",\"version\":106,\"created\":1674133490,\"configurable\":3,\"permanent\":true},\"94\":{\"name\":\"InputfieldDatetime\",\"title\":\"Datum\\/Uhrzeit\",\"version\":108,\"created\":1674133490,\"permanent\":true},\"155\":{\"name\":\"InputfieldCKEditor\",\"title\":\"CKEditor\",\"version\":172,\"installs\":[\"MarkupHTMLPurifier\"],\"created\":1674133490},\"34\":{\"name\":\"InputfieldText\",\"title\":\"Text\",\"version\":106,\"created\":1674133490,\"permanent\":true},\"37\":{\"name\":\"InputfieldCheckbox\",\"title\":\"Checkbox\",\"version\":106,\"created\":1674133490,\"permanent\":true},\"79\":{\"name\":\"InputfieldMarkup\",\"title\":\"Markup\",\"version\":102,\"created\":1674133490,\"permanent\":true},\"43\":{\"name\":\"InputfieldSelectMultiple\",\"title\":\"Multi-select\",\"version\":101,\"created\":1674133490,\"permanent\":true},\"162\":{\"name\":\"InputfieldIcon\",\"title\":\"Icon\",\"version\":3,\"created\":1674133507},\"39\":{\"name\":\"InputfieldRadios\",\"title\":\"Radio-Buttons\",\"version\":106,\"created\":1674133490,\"permanent\":true},\"112\":{\"name\":\"InputfieldPageTitle\",\"title\":\"Page Title\",\"version\":102,\"created\":1674133490,\"permanent\":true},\"122\":{\"name\":\"InputfieldPassword\",\"title\":\"Passwort\",\"version\":102,\"created\":1674133490,\"permanent\":true},\"174\":{\"name\":\"InputfieldPageAutocomplete\",\"title\":\"Seiten-Autovervollst\\u00e4ndigung\",\"version\":113,\"created\":1674139462},\"149\":{\"name\":\"InputfieldSelector\",\"title\":\"Selector\",\"version\":28,\"autoload\":\"template=admin\",\"created\":1674133490,\"configurable\":3,\"addFlag\":32},\"32\":{\"name\":\"InputfieldSubmit\",\"title\":\"Submit\",\"version\":103,\"created\":1674133490,\"permanent\":true},\"168\":{\"name\":\"InputfieldTinyMCE\",\"title\":\"TinyMCE\",\"version\":618,\"icon\":\"keyboard-o\",\"requiresVersions\":{\"ProcessWire\":[\">=\",\"3.0.200\"],\"MarkupHTMLPurifier\":[\">=\",0]},\"created\":1674135637,\"configurable\":4},\"167\":{\"name\":\"InputfieldTextTags\",\"title\":\"Text tags\",\"version\":7,\"icon\":\"tags\",\"created\":1674135489},\"30\":{\"name\":\"InputfieldForm\",\"title\":\"Formular\",\"version\":107,\"created\":1674133490,\"permanent\":true},\"15\":{\"name\":\"InputfieldPageListSelect\",\"title\":\"Seitenbaum-Auswahl\",\"version\":101,\"created\":1674133490,\"permanent\":true},\"137\":{\"name\":\"InputfieldPageListSelectMultiple\",\"title\":\"Multi-Seitenbaum-Auswahl\",\"version\":103,\"created\":1674133490,\"permanent\":true},\"41\":{\"name\":\"InputfieldName\",\"title\":\"Name\",\"version\":100,\"created\":1674133490,\"permanent\":true},\"50\":{\"name\":\"ProcessModule\",\"title\":\"Module\",\"version\":121,\"permission\":\"module-admin\",\"created\":1674133490,\"permanent\":true,\"useNavJSON\":true,\"nav\":[{\"url\":\"?site#tab_site_modules\",\"label\":\"Site\",\"icon\":\"plug\",\"navJSON\":\"navJSON\\/?site=1\"},{\"url\":\"?core#tab_core_modules\",\"label\":\"Core\",\"icon\":\"plug\",\"navJSON\":\"navJSON\\/?core=1\"},{\"url\":\"?configurable#tab_configurable_modules\",\"label\":\"Configure\",\"icon\":\"gear\",\"navJSON\":\"navJSON\\/?configurable=1\"},{\"url\":\"?install#tab_install_modules\",\"label\":\"Install\",\"icon\":\"sign-in\",\"navJSON\":\"navJSON\\/?install=1\"},{\"url\":\"?new#tab_new_modules\",\"label\":\"New\",\"icon\":\"plus\"},{\"url\":\"?reset=1\",\"label\":\"Refresh\",\"icon\":\"refresh\"}]},\"48\":{\"name\":\"ProcessField\",\"title\":\"Felder\",\"version\":114,\"icon\":\"cube\",\"permission\":\"field-admin\",\"created\":1674133490,\"configurable\":3,\"permanent\":true,\"useNavJSON\":true,\"addFlag\":32},\"136\":{\"name\":\"ProcessPermission\",\"title\":\"Berechtigungen\",\"version\":101,\"icon\":\"gear\",\"permission\":\"permission-admin\",\"singular\":1,\"created\":1674133490,\"configurable\":3,\"permanent\":true,\"useNavJSON\":true},\"121\":{\"name\":\"ProcessPageEditLink\",\"title\":\"Page Edit Link\",\"version\":112,\"icon\":\"link\",\"permission\":\"page-edit\",\"singular\":1,\"created\":1674133490,\"configurable\":4,\"permanent\":true},\"161\":{\"name\":\"ProcessLogger\",\"title\":\"Logs\",\"version\":2,\"icon\":\"tree\",\"permission\":\"logs-view\",\"singular\":1,\"created\":1674133507,\"useNavJSON\":true},\"150\":{\"name\":\"ProcessPageLister\",\"title\":\"Lister\",\"version\":26,\"icon\":\"search\",\"permission\":\"page-lister\",\"created\":1674133490,\"configurable\":true,\"permanent\":true,\"useNavJSON\":true,\"addFlag\":32},\"87\":{\"name\":\"ProcessHome\",\"title\":\"Admin Start\",\"version\":101,\"permission\":\"page-view\",\"created\":1674133490,\"permanent\":true},\"68\":{\"name\":\"ProcessRole\",\"title\":\"Benutzerrollen\",\"version\":104,\"icon\":\"gears\",\"permission\":\"role-admin\",\"created\":1674133490,\"configurable\":3,\"permanent\":true,\"useNavJSON\":true},\"83\":{\"name\":\"ProcessPageView\",\"title\":\"Seitenansicht\",\"version\":106,\"permission\":\"page-view\",\"created\":1674133490,\"permanent\":true},\"104\":{\"name\":\"ProcessPageSearch\",\"title\":\"Page Search\",\"version\":108,\"permission\":\"page-edit\",\"singular\":1,\"created\":1674133490,\"configurable\":3,\"permanent\":true},\"12\":{\"name\":\"ProcessPageList\",\"title\":\"Page List\",\"version\":124,\"icon\":\"sitemap\",\"permission\":\"page-edit\",\"created\":1674133490,\"configurable\":3,\"permanent\":true,\"useNavJSON\":true},\"134\":{\"name\":\"ProcessPageType\",\"title\":\"Seitentyp\",\"version\":101,\"singular\":1,\"created\":1674133490,\"configurable\":3,\"permanent\":true,\"useNavJSON\":true,\"addFlag\":32},\"7\":{\"name\":\"ProcessPageEdit\",\"title\":\"Page Edit\",\"version\":112,\"icon\":\"edit\",\"permission\":\"page-edit\",\"singular\":1,\"created\":1674133490,\"configurable\":3,\"permanent\":true,\"useNavJSON\":true},\"129\":{\"name\":\"ProcessPageEditImageSelect\",\"title\":\"Page Edit Image\",\"version\":121,\"permission\":\"page-edit\",\"singular\":1,\"created\":1674133490,\"configurable\":3,\"permanent\":true},\"76\":{\"name\":\"ProcessList\",\"title\":\"Liste\",\"version\":101,\"permission\":\"page-view\",\"created\":1674133490,\"permanent\":true},\"14\":{\"name\":\"ProcessPageSort\",\"title\":\"Seiten sortieren und verschieben\",\"version\":101,\"permission\":\"page-edit\",\"created\":1674133490,\"permanent\":true},\"66\":{\"name\":\"ProcessUser\",\"title\":\"Benutzer\",\"version\":107,\"icon\":\"group\",\"permission\":\"user-admin\",\"created\":1674133490,\"configurable\":\"ProcessUserConfig.php\",\"permanent\":true,\"useNavJSON\":true},\"10\":{\"name\":\"ProcessLogin\",\"title\":\"Login\",\"version\":109,\"permission\":\"page-view\",\"created\":1674133490,\"configurable\":4,\"permanent\":true},\"109\":{\"name\":\"ProcessPageTrash\",\"title\":\"Papierkorb (Seiten)\",\"version\":103,\"singular\":1,\"created\":1674133490,\"permanent\":true},\"159\":{\"name\":\"ProcessRecentPages\",\"title\":\"Recent Pages\",\"version\":2,\"icon\":\"clock-o\",\"permission\":\"page-edit-recent\",\"singular\":1,\"created\":1674133502,\"useNavJSON\":true,\"nav\":[{\"url\":\"?edited=1\",\"label\":\"Edited\",\"icon\":\"users\",\"navJSON\":\"navJSON\\/?edited=1\"},{\"url\":\"?added=1\",\"label\":\"Created\",\"icon\":\"users\",\"navJSON\":\"navJSON\\/?added=1\"},{\"url\":\"?edited=1&me=1\",\"label\":\"Edited by me\",\"icon\":\"user\",\"navJSON\":\"navJSON\\/?edited=1&me=1\"},{\"url\":\"?added=1&me=1\",\"label\":\"Created by me\",\"icon\":\"user\",\"navJSON\":\"navJSON\\/?added=1&me=1\"},{\"url\":\"another\\/\",\"label\":\"Add another\",\"icon\":\"plus-circle\",\"navJSON\":\"anotherNavJSON\\/\"}]},\"47\":{\"name\":\"ProcessTemplate\",\"title\":\"Templates\",\"version\":114,\"icon\":\"cubes\",\"permission\":\"template-admin\",\"created\":1674133490,\"configurable\":4,\"permanent\":true,\"useNavJSON\":true},\"17\":{\"name\":\"ProcessPageAdd\",\"title\":\"Seite hinzuf\\u00fcgen\",\"version\":109,\"icon\":\"plus-circle\",\"permission\":\"page-edit\",\"created\":1674133490,\"configurable\":3,\"permanent\":true,\"useNavJSON\":true},\"138\":{\"name\":\"ProcessProfile\",\"title\":\"Benutzer-Profil\",\"version\":105,\"permission\":\"profile-edit\",\"singular\":1,\"created\":1674133490,\"configurable\":3,\"permanent\":true},\"125\":{\"name\":\"SessionLoginThrottle\",\"title\":\"Session Login Throttle\",\"version\":103,\"autoload\":\"function\",\"singular\":true,\"created\":1674133490,\"configurable\":3},\"185\":{\"name\":\"InputfieldRepeaterMatrix\",\"title\":\"ProFields: Repeater Matrix Inputfield\",\"version\":9,\"requiresVersions\":{\"FieldtypeRepeaterMatrix\":[\">=\",0]},\"created\":1675874263},\"184\":{\"name\":\"FieldtypeRepeaterMatrix\",\"title\":\"ProFields: Repeater Matrix\",\"version\":9,\"requiresVersions\":{\"ProcessWire\":[\">=\",\"3.0.187\"],\"FieldtypeRepeater\":[\">=\",107],\"InputfieldRepeater\":[\">=\",109]},\"installs\":[\"InputfieldRepeaterMatrix\"],\"singular\":true,\"created\":1675874263,\"configurable\":3},\"213\":{\"name\":\"AppApi\",\"title\":\"AppApi\",\"version\":\"1.3.4\",\"icon\":\"terminal\",\"requiresVersions\":{\"PHP\":[\">=\",\"8.1.0\"],\"ProcessWire\":[\">=\",\"3.0.98\"]},\"autoload\":true,\"singular\":true,\"created\":1735125626,\"configurable\":\"AppApi.config.php\"},\"187\":{\"name\":\"ProcessCustomUploadNames\",\"title\":\"Custom Upload Names\",\"version\":\"1.3.5\",\"icon\":\"edit\",\"autoload\":true,\"singular\":true,\"created\":1676447674,\"configurable\":3,\"namespace\":\"\\\\\"},\"165\":{\"name\":\"ProcessDatabaseBackups\",\"title\":\"Database Backups\",\"version\":6,\"icon\":\"database\",\"requiresVersions\":{\"ProcessWire\":[\">=\",\"3.0.62\"]},\"permission\":\"db-backup\",\"singular\":1,\"created\":1674133979,\"nav\":[{\"url\":\".\\/\",\"label\":\"View\",\"icon\":\"list\"},{\"url\":\"backup\\/\",\"label\":\"Backup\",\"icon\":\"plus-circle\"},{\"url\":\"upload\\/\",\"label\":\"Upload\",\"icon\":\"cloud-upload\"}]},\"186\":{\"name\":\"TextformatterRockDown\",\"title\":\"RockDown: Markdown-like Textformatter for Headlines\",\"version\":\"1.3.0\",\"singular\":1,\"created\":1675984376},\"164\":{\"name\":\"FileValidatorSvgSanitizer\",\"title\":\"SVG File Sanitizer\\/Validator\",\"version\":5,\"requiresVersions\":{\"ProcessWire\":[\">=\",\"3.0.148\"]},\"created\":1674133955,\"configurable\":\"FileValidatorSvgSanitizer.config.php\",\"validates\":[\"svg\"]}}', '2010-04-08 03:10:01');
INSERT INTO `caches` (`name`, `data`, `expires`) VALUES('Modules.site/modules/', 'FieldtypeRepeaterMatrix/InputfieldRepeaterMatrix.module\nFieldtypeRepeaterMatrix/FieldtypeRepeaterMatrix.module\nGithubRepositoryDispatch/GithubRepositoryDispatch.module.php\nAppApi/AppApi.module.php\nProcessCustomUploadNames/ProcessCustomUploadNames.module.php\nProcessDatabaseBackups/ProcessDatabaseBackups.module\nTextformatterRockDown/TextformatterRockDown.module.php\nInputfieldTinyMCE/InputfieldTinyMCE.module.php\nFileValidatorSvgSanitizer/FileValidatorSvgSanitizer.module.php', '2010-04-08 03:10:01');
INSERT INTO `caches` (`name`, `data`, `expires`) VALUES('Modules.wire/modules/', 'Page/PageFrontEdit/PageFrontEdit.module\nLanguageSupport/FieldtypePageTitleLanguage.module\nLanguageSupport/LanguageSupportFields.module\nLanguageSupport/FieldtypeTextLanguage.module\nLanguageSupport/LanguageTabs.module\nLanguageSupport/FieldtypeTextareaLanguage.module\nLanguageSupport/LanguageSupport.module\nLanguageSupport/LanguageSupportPageNames.module\nLanguageSupport/ProcessLanguageTranslator.module\nLanguageSupport/ProcessLanguage.module\nTextformatter/TextformatterSmartypants/TextformatterSmartypants.module\nTextformatter/TextformatterMarkdownExtra/TextformatterMarkdownExtra.module\nTextformatter/TextformatterPstripper.module\nTextformatter/TextformatterStripTags.module\nTextformatter/TextformatterEntities.module\nTextformatter/TextformatterNewlineBR.module\nTextformatter/TextformatterNewlineUL.module\nPagePathHistory.module\nJquery/JqueryUI/JqueryUI.module\nJquery/JqueryTableSorter/JqueryTableSorter.module\nJquery/JqueryCore/JqueryCore.module\nJquery/JqueryWireTabs/JqueryWireTabs.module\nJquery/JqueryMagnific/JqueryMagnific.module\nLazyCron.module\nImage/ImageSizerEngineIMagick/ImageSizerEngineIMagick.module\nImage/ImageSizerEngineAnimatedGif/ImageSizerEngineAnimatedGif.module\nSystem/SystemUpdater/SystemUpdater.module\nSystem/SystemNotifications/SystemNotifications.module\nSystem/SystemNotifications/FieldtypeNotifications.module\nMarkup/MarkupCache.module\nMarkup/MarkupPageArray.module\nMarkup/MarkupHTMLPurifier/MarkupHTMLPurifier.module\nMarkup/MarkupPagerNav/MarkupPagerNav.module\nMarkup/MarkupPageFields.module\nMarkup/MarkupAdminDataTable/MarkupAdminDataTable.module\nMarkup/MarkupRSS.module\nPageRender.module\nFieldtype/FieldtypeImage/FieldtypeImage.module\nFieldtype/FieldtypeFieldsetOpen.module\nFieldtype/FieldtypeCache.module\nFieldtype/FieldtypeFile/FieldtypeFile.module\nFieldtype/FieldtypePage.module\nFieldtype/FieldtypeTextarea.module\nFieldtype/FieldtypePageTable.module\nFieldtype/FieldtypeModule.module\nFieldtype/FieldtypeRepeater/FieldtypeFieldsetPage.module\nFieldtype/FieldtypeRepeater/FieldtypeRepeater.module\nFieldtype/FieldtypeRepeater/InputfieldRepeater.module\nFieldtype/FieldtypePageTitle.module\nFieldtype/FieldtypeURL.module\nFieldtype/FieldtypeInteger.module\nFieldtype/FieldtypeDecimal.module\nFieldtype/FieldtypeFieldsetClose.module\nFieldtype/FieldtypeOptions/FieldtypeOptions.module\nFieldtype/FieldtypePassword.module\nFieldtype/FieldtypeCheckbox.module\nFieldtype/FieldtypeFloat.module\nFieldtype/FieldtypeSelector.module\nFieldtype/FieldtypeComments/FieldtypeComments.module\nFieldtype/FieldtypeComments/InputfieldCommentsAdmin.module\nFieldtype/FieldtypeComments/CommentFilterAkismet.module\nFieldtype/FieldtypeText.module\nFieldtype/FieldtypeFieldsetTabOpen.module\nFieldtype/FieldtypeToggle.module\nFieldtype/FieldtypeEmail.module\nFieldtype/FieldtypeDatetime.module\nAdminTheme/AdminThemeReno/AdminThemeReno.module\nAdminTheme/AdminThemeUikit/AdminThemeUikit.module\nAdminTheme/AdminThemeDefault/AdminThemeDefault.module\nPagePermissions.module\nInputfield/InputfieldInteger.module\nInputfield/InputfieldURL.module\nInputfield/InputfieldHidden.module\nInputfield/InputfieldPageTable/InputfieldPageTable.module\nInputfield/InputfieldFloat.module\nInputfield/InputfieldCheckboxes/InputfieldCheckboxes.module\nInputfield/InputfieldSelect.module\nInputfield/InputfieldFieldset.module\nInputfield/InputfieldImage/InputfieldImage.module\nInputfield/InputfieldTextarea.module\nInputfield/InputfieldFile/InputfieldFile.module\nInputfield/InputfieldToggle/InputfieldToggle.module\nInputfield/InputfieldButton.module\nInputfield/InputfieldAsmSelect/InputfieldAsmSelect.module\nInputfield/InputfieldPage/InputfieldPage.module\nInputfield/InputfieldEmail.module\nInputfield/InputfieldPageName/InputfieldPageName.module\nInputfield/InputfieldDatetime/InputfieldDatetime.module\nInputfield/InputfieldCKEditor/InputfieldCKEditor.module\nInputfield/InputfieldText/InputfieldText.module\nInputfield/InputfieldCheckbox/InputfieldCheckbox.module\nInputfield/InputfieldMarkup.module\nInputfield/InputfieldSelectMultiple.module\nInputfield/InputfieldIcon/InputfieldIcon.module\nInputfield/InputfieldRadios/InputfieldRadios.module\nInputfield/InputfieldPageTitle/InputfieldPageTitle.module\nInputfield/InputfieldPassword/InputfieldPassword.module\nInputfield/InputfieldPageAutocomplete/InputfieldPageAutocomplete.module\nInputfield/InputfieldSelector/InputfieldSelector.module\nInputfield/InputfieldSubmit/InputfieldSubmit.module\nInputfield/InputfieldTinyMCE/InputfieldTinyMCE.module.php\nInputfield/InputfieldTextTags/InputfieldTextTags.module\nInputfield/InputfieldForm.module\nInputfield/InputfieldPageListSelect/InputfieldPageListSelect.module\nInputfield/InputfieldPageListSelect/InputfieldPageListSelectMultiple.module\nInputfield/InputfieldName.module\nPages/PagesVersions/PagesVersions.module.php\nPagePaths.module\nFileCompilerTags.module\nProcess/ProcessModule/ProcessModule.module\nProcess/ProcessPageClone.module\nProcess/ProcessField/ProcessField.module\nProcess/ProcessPermission/ProcessPermission.module\nProcess/ProcessForgotPassword/ProcessForgotPassword.module\nProcess/ProcessPageEditLink/ProcessPageEditLink.module\nProcess/ProcessLogger/ProcessLogger.module\nProcess/ProcessPageLister/ProcessPageLister.module\nProcess/ProcessHome.module\nProcess/ProcessRole/ProcessRole.module\nProcess/ProcessPageView.module\nProcess/ProcessPageSearch/ProcessPageSearch.module\nProcess/ProcessPageList/ProcessPageList.module\nProcess/ProcessPageType/ProcessPageType.module\nProcess/ProcessPageEdit/ProcessPageEdit.module\nProcess/ProcessPageEditImageSelect/ProcessPageEditImageSelect.module\nProcess/ProcessCommentsManager/ProcessCommentsManager.module\nProcess/ProcessList.module\nProcess/ProcessPageSort.module\nProcess/ProcessUser/ProcessUser.module\nProcess/ProcessPagesExportImport/ProcessPagesExportImport.module\nProcess/ProcessLogin/ProcessLogin.module\nProcess/ProcessPageTrash.module\nProcess/ProcessRecentPages/ProcessRecentPages.module\nProcess/ProcessTemplate/ProcessTemplate.module\nProcess/ProcessPageAdd/ProcessPageAdd.module\nProcess/ProcessProfile/ProcessProfile.module\nSession/SessionLoginThrottle/SessionLoginThrottle.module\nSession/SessionHandlerDB/ProcessSessionDB.module\nSession/SessionHandlerDB/SessionHandlerDB.module', '2010-04-08 03:10:01');
INSERT INTO `caches` (`name`, `data`, `expires`) VALUES('ModulesUninstalled.info', '{\"PageFrontEdit\":{\"name\":\"PageFrontEdit\",\"title\":\"Front-End Page Editor\",\"version\":6,\"versionStr\":\"0.0.6\",\"author\":\"Ryan Cramer\",\"summary\":\"Enables front-end editing of page fields.\",\"icon\":\"cube\",\"permissions\":{\"page-edit-front\":\"Use the front-end page editor\"},\"autoload\":true,\"created\":1739545803,\"installed\":false,\"configurable\":\"PageFrontEditConfig.php\",\"core\":true,\"license\":\"MPL 2.0\"},\"LanguageTabs\":{\"name\":\"LanguageTabs\",\"title\":\"Languages Support - Tabs\",\"version\":117,\"versionStr\":\"1.1.7\",\"author\":\"adamspruijt, ryan, flipzoom\",\"summary\":\"Organizes multi-language fields into tabs for a cleaner easier to use interface.\",\"requiresVersions\":{\"LanguageSupport\":[\">=\",0]},\"autoload\":\"template=admin\",\"singular\":true,\"created\":1739545803,\"installed\":false,\"configurable\":4,\"core\":true},\"LanguageSupportPageNames\":{\"name\":\"LanguageSupportPageNames\",\"title\":\"Languages Support - Page Names\",\"version\":14,\"versionStr\":\"0.1.4\",\"author\":\"Ryan Cramer\",\"summary\":\"Required to use multi-language page names.\",\"requiresVersions\":{\"LanguageSupport\":[\">=\",0],\"LanguageSupportFields\":[\">=\",0]},\"autoload\":true,\"singular\":true,\"created\":1739545803,\"installed\":false,\"configurable\":4,\"core\":true},\"TextformatterSmartypants\":{\"name\":\"TextformatterSmartypants\",\"title\":\"SmartyPants Typographer\",\"version\":171,\"versionStr\":\"1.7.1\",\"summary\":\"Smart typography for web sites, by Michel Fortin based on SmartyPants by John Gruber. If combined with Markdown, it should be applied AFTER Markdown.\",\"created\":1739545803,\"installed\":false,\"configurable\":4,\"core\":true,\"url\":\"https:\\/\\/github.com\\/michelf\\/php-smartypants\"},\"TextformatterPstripper\":{\"name\":\"TextformatterPstripper\",\"title\":\"Paragraph Stripper\",\"version\":100,\"versionStr\":\"1.0.0\",\"summary\":\"Strips paragraph <p> tags that may have been applied by other text formatters before it. \",\"created\":1739545803,\"installed\":false,\"core\":true},\"TextformatterStripTags\":{\"name\":\"TextformatterStripTags\",\"title\":\"Strip Markup Tags\",\"version\":100,\"versionStr\":\"1.0.0\",\"summary\":\"Strips HTML\\/XHTML Markup Tags\",\"created\":1739545803,\"installed\":false,\"configurable\":3,\"core\":true},\"TextformatterNewlineBR\":{\"name\":\"TextformatterNewlineBR\",\"title\":\"Newlines to XHTML Line Breaks\",\"version\":100,\"versionStr\":\"1.0.0\",\"summary\":\"Converts newlines to XHTML line break <br \\/> tags. \",\"created\":1739545803,\"installed\":false,\"core\":true},\"TextformatterNewlineUL\":{\"name\":\"TextformatterNewlineUL\",\"title\":\"Newlines to Unordered List\",\"version\":100,\"versionStr\":\"1.0.0\",\"summary\":\"Converts newlines to <li> list items and surrounds in an <ul> unordered list. \",\"created\":1739545803,\"installed\":false,\"core\":true},\"PagePathHistory\":{\"name\":\"PagePathHistory\",\"title\":\"Page Path History\",\"version\":8,\"versionStr\":\"0.0.8\",\"summary\":\"Keeps track of past URLs where pages have lived and automatically redirects (301 permanent) to the new location whenever the past URL is accessed.\",\"autoload\":true,\"singular\":true,\"created\":1739545803,\"installed\":false,\"configurable\":4,\"core\":true},\"LazyCron\":{\"name\":\"LazyCron\",\"title\":\"Lazy Cron\",\"version\":104,\"versionStr\":\"1.0.4\",\"summary\":\"Provides hooks that are automatically executed at various intervals. It is called \'lazy\' because it\'s triggered by a pageview, so the interval is guaranteed to be at least the time requested, rather than exactly the time requested. This is fine for most cases, but you can make it not lazy by connecting this to a real CRON job. See the module file for details. \",\"href\":\"https:\\/\\/processwire.com\\/api\\/modules\\/lazy-cron\\/\",\"autoload\":true,\"singular\":true,\"created\":1739545803,\"installed\":false,\"core\":true},\"ImageSizerEngineAnimatedGif\":{\"name\":\"ImageSizerEngineAnimatedGif\",\"title\":\"Animated GIF Image Sizer\",\"version\":1,\"versionStr\":\"0.0.1\",\"author\":\"Horst Nogajski\",\"summary\":\"Upgrades image manipulations for animated GIFs.\",\"created\":1739545803,\"installed\":false,\"configurable\":4,\"core\":true},\"SystemNotifications\":{\"name\":\"SystemNotifications\",\"title\":\"System Notifications\",\"version\":12,\"versionStr\":\"0.1.2\",\"summary\":\"Adds support for notifications in ProcessWire (currently in development)\",\"icon\":\"bell\",\"installs\":[\"FieldtypeNotifications\"],\"autoload\":true,\"created\":1739545803,\"installed\":false,\"configurable\":\"SystemNotificationsConfig.php\",\"core\":true},\"FieldtypeNotifications\":{\"name\":\"FieldtypeNotifications\",\"title\":\"Notifications\",\"version\":4,\"versionStr\":\"0.0.4\",\"summary\":\"Field that stores user notifications.\",\"requiresVersions\":{\"SystemNotifications\":[\">=\",0]},\"created\":1739545803,\"installed\":false,\"core\":true},\"MarkupCache\":{\"name\":\"MarkupCache\",\"title\":\"Markup Cache\",\"version\":101,\"versionStr\":\"1.0.1\",\"summary\":\"A simple way to cache segments of markup in your templates. \",\"href\":\"https:\\/\\/processwire.com\\/api\\/modules\\/markupcache\\/\",\"autoload\":true,\"singular\":true,\"created\":1739545803,\"installed\":false,\"configurable\":3,\"core\":true},\"MarkupPageFields\":{\"name\":\"MarkupPageFields\",\"title\":\"Markup Page Fields\",\"version\":100,\"versionStr\":\"1.0.0\",\"summary\":\"Adds $page->renderFields() and $page->images->render() methods that return basic markup for output during development and debugging.\",\"autoload\":true,\"singular\":true,\"created\":1739545803,\"installed\":false,\"core\":true,\"permanent\":true},\"MarkupRSS\":{\"name\":\"MarkupRSS\",\"title\":\"Markup RSS Feed\",\"version\":105,\"versionStr\":\"1.0.5\",\"summary\":\"Renders an RSS feed. Given a PageArray, renders an RSS feed of them.\",\"icon\":\"rss-square\",\"created\":1739545803,\"installed\":false,\"configurable\":3,\"core\":true},\"FieldtypeCache\":{\"name\":\"FieldtypeCache\",\"title\":\"Cache\",\"version\":102,\"versionStr\":\"1.0.2\",\"summary\":\"Caches the values of other fields for fewer runtime queries. Can also be used to combine multiple text fields and have them all be searchable under the cached field name.\",\"created\":1739545803,\"installed\":false,\"core\":true},\"FieldtypePageTable\":{\"name\":\"FieldtypePageTable\",\"title\":\"ProFields: Page Table\",\"version\":8,\"versionStr\":\"0.0.8\",\"summary\":\"A fieldtype containing a group of editable pages.\",\"installs\":[\"InputfieldPageTable\"],\"autoload\":true,\"created\":1739545803,\"installed\":false,\"core\":true},\"FieldtypeFieldsetPage\":{\"name\":\"FieldtypeFieldsetPage\",\"title\":\"Fieldset (Seite)\",\"version\":1,\"versionStr\":\"0.0.1\",\"summary\":\"Fieldset mit Feldern, die getrennt sind, um den Namensraum zu trennen (Seite), um die Wiederverwendung von Feldern zu erm\\u00f6glichen.\",\"requiresVersions\":{\"FieldtypeRepeater\":[\">=\",0]},\"autoload\":true,\"created\":1739545803,\"installed\":false,\"configurable\":3,\"core\":true},\"FieldtypeDecimal\":{\"name\":\"FieldtypeDecimal\",\"title\":\"Dezimal\",\"version\":1,\"versionStr\":\"0.0.1\",\"summary\":\"Feld, das eine Dezimalzahl speichert\",\"created\":1739545803,\"installed\":false,\"core\":true},\"FieldtypeOptions\":{\"name\":\"FieldtypeOptions\",\"title\":\"Select Options\",\"version\":2,\"versionStr\":\"0.0.2\",\"summary\":\"Feld welches Einzel- und Mehrfachauswahl-Optionen speichert.\",\"created\":1739545803,\"installed\":false,\"core\":true},\"FieldtypeSelector\":{\"name\":\"FieldtypeSelector\",\"title\":\"Selector\",\"version\":13,\"versionStr\":\"0.1.3\",\"author\":\"Avoine + ProcessWire\",\"summary\":\"Build a page finding selector visually.\",\"created\":1739545803,\"installed\":false,\"core\":true},\"FieldtypeComments\":{\"name\":\"FieldtypeComments\",\"title\":\"Kommentare (Comments)\",\"version\":110,\"versionStr\":\"1.1.0\",\"summary\":\"Feld welches Kommentare von Nutzern zu einer einzelnen Seite speichert.\",\"installs\":[\"InputfieldCommentsAdmin\"],\"created\":1739545803,\"installed\":false,\"core\":true},\"InputfieldCommentsAdmin\":{\"name\":\"InputfieldCommentsAdmin\",\"title\":\"Administrator Kommentare\",\"version\":104,\"versionStr\":\"1.0.4\",\"summary\":\"Bietet ein administratives Interface zur Arbeit mit Kommentaren.\",\"requiresVersions\":{\"FieldtypeComments\":[\">=\",0]},\"created\":1739545803,\"installed\":false,\"core\":true},\"CommentFilterAkismet\":{\"name\":\"CommentFilterAkismet\",\"title\":\"Kommentar-Filter: Akismet\",\"version\":200,\"versionStr\":\"2.0.0\",\"summary\":\"Nutzt den Akismet-Service um Kommentarspam zu identifizieren. Modul-Plugin f\\u00fcr den Feldtyp Kommentar.\",\"requiresVersions\":{\"FieldtypeComments\":[\">=\",0]},\"created\":1739545803,\"installed\":false,\"configurable\":3,\"core\":true},\"FieldtypeToggle\":{\"name\":\"FieldtypeToggle\",\"title\":\"Umschalter (Ja\\/Nein)\",\"version\":1,\"versionStr\":\"0.0.1\",\"summary\":\"Konfigurierbares Ja\\/Nein, Ein-\\/Ausschalten als Alternative zu einem Kontrollk\\u00e4stchen, plus optionale &quot;andere&quot; Option.\",\"requiresVersions\":{\"InputfieldToggle\":[\">=\",0]},\"created\":1739545803,\"installed\":false,\"core\":true},\"AdminThemeReno\":{\"name\":\"AdminThemeReno\",\"title\":\"Reno\",\"version\":17,\"versionStr\":\"0.1.7\",\"author\":\"Tom Reno (Renobird)\",\"summary\":\"Admin theme for ProcessWire 2.5+ by Tom Reno (Renobird)\",\"requiresVersions\":{\"AdminThemeDefault\":[\">=\",0]},\"autoload\":\"template=admin\",\"created\":1739545803,\"installed\":false,\"configurable\":3,\"core\":true},\"InputfieldPageTable\":{\"name\":\"InputfieldPageTable\",\"title\":\"ProFields: Page Table\",\"version\":14,\"versionStr\":\"0.1.4\",\"summary\":\"Eingabefeld erg\\u00e4nzend zu FieldtypePageTable\",\"requiresVersions\":{\"FieldtypePageTable\":[\">=\",0]},\"created\":1739545803,\"installed\":false,\"core\":true},\"PagePaths\":{\"name\":\"PagePaths\",\"title\":\"Page Paths\",\"version\":4,\"versionStr\":\"0.0.4\",\"summary\":\"Enables page paths\\/urls to be queryable by selectors. Also offers potential for improved load performance. Builds an index at install (may take time on a large site).\",\"autoload\":true,\"singular\":true,\"created\":1739545803,\"installed\":false,\"configurable\":4,\"core\":true},\"FileCompilerTags\":{\"name\":\"FileCompilerTags\",\"title\":\"Tags File Compiler\",\"version\":1,\"versionStr\":\"0.0.1\",\"summary\":\"Enables {var} or {var.property} variables in markup sections of a file. Can be used with any API variable.\",\"created\":1739545803,\"installed\":false,\"configurable\":4,\"core\":true},\"ProcessPageClone\":{\"name\":\"ProcessPageClone\",\"title\":\"Seite klonen\",\"version\":106,\"versionStr\":\"1.0.6\",\"summary\":\"Stellt die M\\u00f6glichkeit bereit, Seiten im Admin-Bereich zu klonen\\/kopieren\\/duplizieren. F\\u00fcgt allen passenden Seiten in der PageList eine Option &quot;kopieren&quot; hinzu.\",\"permission\":\"page-clone\",\"permissions\":{\"page-clone\":\"Clone a page\",\"page-clone-tree\":\"Clone a tree of pages\"},\"autoload\":\"template=admin\",\"created\":1739545803,\"installed\":false,\"configurable\":4,\"core\":true,\"page\":{\"name\":\"clone\",\"title\":\"Clone\",\"parent\":\"page\",\"status\":1024}},\"ProcessForgotPassword\":{\"name\":\"ProcessForgotPassword\",\"title\":\"Passwort vergessen\",\"version\":104,\"versionStr\":\"1.0.4\",\"summary\":\"Erm\\u00f6glicht das Zur\\u00fccksetzen des Passworts\\/der E-Mail f\\u00fcr den Login.\",\"permission\":\"page-view\",\"created\":1739545803,\"installed\":false,\"configurable\":4,\"core\":true},\"ProcessCommentsManager\":{\"name\":\"ProcessCommentsManager\",\"title\":\"Kommentare\",\"version\":12,\"versionStr\":\"0.1.2\",\"author\":\"Ryan Cramer\",\"summary\":\"Verwalten Sie Kommentare auf Ihrer Website au\\u00dferhalb des Seiteneditors.\",\"icon\":\"comments\",\"requiresVersions\":{\"FieldtypeComments\":[\">=\",0]},\"permission\":\"comments-manager\",\"permissions\":{\"comments-manager\":\"Use the comments manager\"},\"created\":1739545803,\"installed\":false,\"searchable\":\"comments\",\"core\":true,\"page\":{\"name\":\"comments\",\"parent\":\"setup\",\"title\":\"Comments\"},\"nav\":[{\"url\":\"?go=approved\",\"label\":\"Best\\u00e4tigt\"},{\"url\":\"?go=pending\",\"label\":\"Wartet\"},{\"url\":\"?go=spam\",\"label\":\"Spam\"},{\"url\":\"?go=all\",\"label\":\"Alle\"}]},\"ProcessPagesExportImport\":{\"name\":\"ProcessPagesExportImport\",\"title\":\"Pages Export\\/Import\",\"version\":1,\"versionStr\":\"0.0.1\",\"author\":\"Ryan Cramer\",\"summary\":\"Enables exporting and importing of pages. Development version, not yet recommended for production use.\",\"icon\":\"paper-plane-o\",\"permission\":\"page-edit-export\",\"created\":1739545803,\"installed\":false,\"core\":true,\"page\":{\"name\":\"export-import\",\"parent\":\"page\",\"title\":\"Export\\/Import\"}},\"ProcessSessionDB\":{\"name\":\"ProcessSessionDB\",\"title\":\"Sessions\",\"version\":5,\"versionStr\":\"0.0.5\",\"summary\":\"Erm\\u00f6glicht ihnen, die aktiven Datenbank Sessions zu durchsuchen\",\"icon\":\"dashboard\",\"requiresVersions\":{\"SessionHandlerDB\":[\">=\",0]},\"created\":1739545803,\"installed\":false,\"core\":true,\"page\":{\"name\":\"sessions-db\",\"parent\":\"access\",\"title\":\"Sessions\"}},\"SessionHandlerDB\":{\"name\":\"SessionHandlerDB\",\"title\":\"Session Handler Database\",\"version\":6,\"versionStr\":\"0.0.6\",\"summary\":\"Installing this module makes ProcessWire store sessions in the database rather than the file system. Note that this module will log you out after install or uninstall.\",\"installs\":[\"ProcessSessionDB\"],\"created\":1739545803,\"installed\":false,\"configurable\":3,\"core\":true},\"GithubRepositoryDispatch\":{\"name\":\"GithubRepositoryDispatch\",\"title\":\"Github Repository Dispatch\",\"version\":\"0.0.1\",\"versionStr\":\"0.0.1\",\"author\":\"Daniel Stutz, Thomas Aull\",\"summary\":\"A small helper module to trigger a Github event called repository_dispatch.\",\"href\":\"https:\\/\\/docs.github.com\\/en\\/rest\\/repos\\/repos#create-a-repository-dispatch-event\",\"requiresVersions\":{\"PHP\":[\">=\",\"7.2.0\"],\"ProcessWire\":[\">=\",\"3.0.123\"]},\"installs\":[\"LazyCron\"],\"autoload\":true,\"singular\":true,\"created\":1765475399,\"installed\":false,\"configurable\":\"GithubRepositoryDispatch.config.php\"},\"AppApi\":{\"name\":\"AppApi\",\"title\":\"AppApi\",\"version\":\"1.3.2\",\"versionStr\":\"1.3.2\",\"author\":\"Sebastian Schendel\",\"summary\":\"Module to create a REST API with ProcessWire\",\"href\":\"https:\\/\\/modules.processwire.com\\/modules\\/app-api\\/\",\"icon\":\"terminal\",\"requiresVersions\":{\"PHP\":[\">=\",\"7.2.0\"],\"ProcessWire\":[\">=\",\"3.0.98\"]},\"permissions\":{\"appapi_manage_applications\":\"Manage AppApi settings\"},\"autoload\":true,\"singular\":true,\"created\":1735122024,\"installed\":false,\"configurable\":\"AppApi.config.php\",\"page\":{\"name\":\"appapi\",\"parent\":\"setup\",\"title\":\"AppApi\",\"icon\":\"terminal\"}},\"PagesVersions\":{\"name\":\"PagesVersions\",\"title\":\"Pages Versions\",\"version\":2,\"versionStr\":\"0.0.2\",\"author\":\"Ryan Cramer\",\"summary\":\"Provides a version control API for pages in ProcessWire.\",\"icon\":\"code-fork\",\"autoload\":true,\"singular\":true,\"created\":1739545803,\"installed\":false,\"core\":true}}', '2010-04-08 03:10:01');
INSERT INTO `caches` (`name`, `data`, `expires`) VALUES('ModulesVerbose.info', '{\"179\":{\"summary\":\"Field that stores a page title in multiple languages. Use this only if you want title inputs created for ALL languages on ALL pages. Otherwise create separate languaged-named title fields, i.e. title_fr, title_es, title_fi, etc. \",\"author\":\"Ryan Cramer\",\"core\":true,\"versionStr\":\"1.0.0\"},\"178\":{\"summary\":\"Field that stores a single line of text in multiple languages\",\"core\":true,\"versionStr\":\"1.0.0\"},\"180\":{\"summary\":\"Field that stores a multiple lines of text in multiple languages\",\"core\":true,\"versionStr\":\"1.0.0\"},\"171\":{\"summary\":\"ProcessWire multi-language support.\",\"author\":\"Ryan Cramer\",\"core\":true,\"versionStr\":\"1.0.4\"},\"177\":{\"summary\":\"Required to use multi-language fields.\",\"author\":\"Ryan Cramer\",\"core\":true,\"versionStr\":\"1.0.1\"},\"173\":{\"summary\":\"Provides language translation capabilities for ProcessWire core and modules.\",\"author\":\"Ryan Cramer\",\"core\":true,\"versionStr\":\"1.0.3\"},\"172\":{\"summary\":\"Systemsprachen verwalten\",\"author\":\"Ryan Cramer\",\"core\":true,\"versionStr\":\"1.0.3\",\"permissions\":{\"lang-edit\":\"Administer languages and static translation files\"}},\"170\":{\"summary\":\"Markdown\\/Parsedown extra lightweight markup language by Emanuil Rusev. Based on Markdown by John Gruber.\",\"core\":true,\"versionStr\":\"1.8.0\"},\"61\":{\"summary\":\"Enkodiert kaufm\\u00e4nnisches Und, Anf\\u00fchrungszeichen (einfach und doppelt) und die Zeichen gr\\u00f6\\u00dfer\\/kleiner als mittels htmlspecialchars(str, ENT_QUOTES) in Entit\\u00e4ten. Es wird empfohlen, dies auf alle Text\\/Textarea-Felder mit Ausnahme derer, die einen Rich-Text-Editor oder eine Markup-Sprache wie Markdown verwenden, anzuwenden.\",\"core\":true,\"versionStr\":\"1.0.0\"},\"117\":{\"summary\":\"jQuery UI as required by ProcessWire and plugins\",\"href\":\"https:\\/\\/ui.jquery.com\",\"core\":true,\"versionStr\":\"1.10.4\"},\"103\":{\"summary\":\"Provides a jQuery plugin for sorting tables.\",\"href\":\"https:\\/\\/mottie.github.io\\/tablesorter\\/\",\"core\":true,\"versionStr\":\"2.31.3\"},\"116\":{\"summary\":\"jQuery Core as required by ProcessWire Admin and plugins\",\"href\":\"https:\\/\\/jquery.com\",\"core\":true,\"versionStr\":\"1.12.4\"},\"45\":{\"summary\":\"Stellt ein jQuery-Plugin bereit, um in ProcessWire Tabs zu erzeugen\",\"core\":true,\"versionStr\":\"1.1.0\"},\"151\":{\"summary\":\"Provides lightbox capability for image galleries. Replacement for FancyBox. Uses Magnific Popup by @dimsemenov.\",\"href\":\"https:\\/\\/github.com\\/dimsemenov\\/Magnific-Popup\\/\",\"core\":true,\"versionStr\":\"1.1.0\"},\"176\":{\"summary\":\"Upgrades image manipulations to use PHP\'s ImageMagick library when possible.\",\"author\":\"Horst Nogajski\",\"core\":true,\"versionStr\":\"0.0.3\"},\"139\":{\"summary\":\"System-Versionen und Upgrades verwalten.\",\"core\":true,\"versionStr\":\"0.2.0\"},\"113\":{\"summary\":\"Adds renderPager() method to all PaginatedArray types, for easy pagination output. Plus a render() method to PageArray instances.\",\"core\":true,\"versionStr\":\"1.0.0\"},\"156\":{\"summary\":\"Front-end to the HTML Purifier library.\",\"core\":true,\"versionStr\":\"4.9.7\"},\"98\":{\"summary\":\"Generates markup for pagination navigation\",\"core\":true,\"versionStr\":\"1.0.5\"},\"67\":{\"summary\":\"Generates markup for data tables used by ProcessWire admin\",\"core\":true,\"versionStr\":\"1.0.7\"},\"115\":{\"summary\":\"F\\u00fcgt Seiten eine Rendering-Methode und Caching der Seitenausgabe hinzu\",\"core\":true,\"versionStr\":\"1.0.5\"},\"57\":{\"summary\":\"Field that stores one or more GIF, JPG, or PNG images\",\"core\":true,\"versionStr\":\"1.0.2\"},\"105\":{\"summary\":\"Open a fieldset to group fields. Should be followed by a Fieldset (Close) after one or more fields.\",\"core\":true,\"versionStr\":\"1.0.1\"},\"6\":{\"summary\":\"Feld, das eine oder mehrere Dateien speichert\",\"core\":true,\"versionStr\":\"1.0.7\"},\"4\":{\"summary\":\"Field that stores one or more references to ProcessWire pages\",\"core\":true,\"versionStr\":\"1.0.7\"},\"1\":{\"summary\":\"Field that stores multiple lines of text\",\"core\":true,\"versionStr\":\"1.0.7\"},\"27\":{\"summary\":\"Field that stores a reference to another module\",\"core\":true,\"versionStr\":\"1.0.2\"},\"182\":{\"summary\":\"Verwaltet eine Sammlung von Feldern, welche beliebig oft wiederholt werden k\\u00f6nnen.\",\"core\":true,\"versionStr\":\"1.1.3\"},\"183\":{\"summary\":\"Wiederholt Felder aus einen anderen Template. Stellt das Eingabefeld f\\u00fcr FieldtypeRepeater bereit.\",\"core\":true,\"versionStr\":\"1.1.1\"},\"111\":{\"summary\":\"Field that stores a page title\",\"core\":true,\"versionStr\":\"1.0.0\"},\"135\":{\"summary\":\"Feld, welches eine URL speichert\",\"core\":true,\"versionStr\":\"1.0.1\"},\"84\":{\"summary\":\"Field that stores an integer\",\"core\":true,\"versionStr\":\"1.0.2\"},\"106\":{\"summary\":\"Close a fieldset opened by FieldsetOpen. \",\"core\":true,\"versionStr\":\"1.0.0\"},\"133\":{\"summary\":\"Field that stores a hashed and salted password\",\"core\":true,\"versionStr\":\"1.0.1\"},\"97\":{\"summary\":\"This Fieldtype stores an ON\\/OFF toggle via a single checkbox. The ON value is 1 and OFF value is 0.\",\"core\":true,\"versionStr\":\"1.0.1\"},\"89\":{\"summary\":\"Feld, das eine Flie\\u00dfkommazahl speichert\",\"core\":true,\"versionStr\":\"1.0.8\"},\"3\":{\"summary\":\"Field that stores a single line of text\",\"core\":true,\"versionStr\":\"1.0.2\"},\"107\":{\"summary\":\"Open a fieldset to group fields. Same as Fieldset (Open) except that it displays in a tab instead.\",\"core\":true,\"versionStr\":\"1.0.0\"},\"29\":{\"summary\":\"Field that stores an e-mail address\",\"core\":true,\"versionStr\":\"1.0.1\"},\"28\":{\"summary\":\"Field that stores a date and optionally time\",\"core\":true,\"versionStr\":\"1.0.5\"},\"160\":{\"summary\":\"Uikit v3 admin theme\",\"core\":true,\"versionStr\":\"0.3.4\"},\"148\":{\"summary\":\"Minimal admin theme that supports all ProcessWire features.\",\"core\":true,\"versionStr\":\"0.1.4\"},\"114\":{\"summary\":\"Adds various permission methods to Page objects that are used by Process modules.\",\"core\":true,\"versionStr\":\"1.0.5\"},\"85\":{\"summary\":\"Integer (positiv oder negativ)\",\"core\":true,\"versionStr\":\"1.0.5\"},\"108\":{\"summary\":\"URL in g\\u00fcltigem Format\",\"core\":true,\"versionStr\":\"1.0.3\"},\"40\":{\"summary\":\"Versteckter Wert in einem Formular\",\"core\":true,\"versionStr\":\"1.0.1\"},\"90\":{\"summary\":\"Flie\\u00dfkommazahl mit Genauigkeit\",\"core\":true,\"versionStr\":\"1.0.5\"},\"38\":{\"summary\":\"Auswahl zwischen mehreren Checkboxen\",\"core\":true,\"versionStr\":\"1.0.8\"},\"36\":{\"summary\":\"Auswahl eines einzelnen Wertes aus einer select-Box\",\"core\":true,\"versionStr\":\"1.0.3\"},\"78\":{\"summary\":\"Gruppiert eines oder mehrere Felder in einem Container\",\"core\":true,\"versionStr\":\"1.0.1\"},\"56\":{\"summary\":\"Ein oder mehrere hochzuladende Bilder (sortierbar)\",\"core\":true,\"versionStr\":\"1.2.9\"},\"35\":{\"summary\":\"Mehrzeiliger Text\",\"core\":true,\"versionStr\":\"1.0.3\"},\"55\":{\"summary\":\"Eine oder mehrere hochzuladende Dateien (sortierbar)\",\"core\":true,\"versionStr\":\"1.2.9\"},\"169\":{\"summary\":\"Ein Umschalter, der \\u00e4hnliche Eingabem\\u00f6glichkeiten wie ein Kontrollk\\u00e4stchen bietet, aber wesentlich konfigurierbarer ist.\",\"core\":true,\"versionStr\":\"0.0.1\"},\"131\":{\"summary\":\"Button als Formular-Element, dem Sie optional ein href-Attribut zuweisen k\\u00f6nnen\",\"core\":true,\"versionStr\":\"1.0.0\"},\"25\":{\"summary\":\"Mehrfach-Auswahl; Progressive Enhancement, um mehrere Elemente auszuw\\u00e4hlen\",\"core\":true,\"versionStr\":\"2.0.3\"},\"60\":{\"summary\":\"Select one or more pages\",\"core\":true,\"versionStr\":\"1.0.9\"},\"80\":{\"summary\":\"E-Mail-Adresse in g\\u00fcltigem Format\",\"core\":true,\"versionStr\":\"1.0.2\"},\"86\":{\"summary\":\"Text input validated as a ProcessWire Page name field\",\"core\":true,\"versionStr\":\"1.0.6\"},\"94\":{\"summary\":\"Eingabefeld f\\u00fcr Datum und optional Uhrzeit.\",\"core\":true,\"versionStr\":\"1.0.8\"},\"155\":{\"summary\":\"CKEditor-Textfeld Rich Text Editor\",\"core\":true,\"versionStr\":\"1.7.2\"},\"34\":{\"summary\":\"Einzelne Textzeile\",\"core\":true,\"versionStr\":\"1.0.6\"},\"37\":{\"summary\":\"Einzelne Checkbox zum Umschalten\",\"core\":true,\"versionStr\":\"1.0.6\"},\"79\":{\"summary\":\"Enth\\u00e4lt beliebiges anderes Markup und optional Kind-Eingabefelder\",\"core\":true,\"versionStr\":\"1.0.2\"},\"43\":{\"summary\":\"Mehrfachauswahl aus einer Liste\",\"core\":true,\"versionStr\":\"1.0.1\"},\"162\":{\"summary\":\"Ein Symbol ausw\\u00e4hlen\",\"core\":true,\"versionStr\":\"0.0.3\"},\"39\":{\"summary\":\"Radio-Buttons, um ein einzelnes Feld auszuw\\u00e4hlen\",\"core\":true,\"versionStr\":\"1.0.6\"},\"112\":{\"summary\":\"Verwaltet die Eingabe des Seitentitels und automatische Erstellung des Seitennamens (wenn Name leer ist)\",\"core\":true,\"versionStr\":\"1.0.2\"},\"122\":{\"summary\":\"Passworteingabe mit Best\\u00e4tigungsfeld, das die Eingabe nicht zur\\u00fcckgibt.\",\"core\":true,\"versionStr\":\"1.0.2\"},\"174\":{\"summary\":\"Mehrfach-Seitenauswahl mit Autovervollst\\u00e4ndigung und Sortierbarkeit. Vorgesehen als Eingabefeld f\\u00fcr Page reference-Felder.\",\"core\":true,\"versionStr\":\"1.1.3\"},\"149\":{\"summary\":\"Build a page finding selector visually.\",\"author\":\"Avoine + ProcessWire\",\"core\":true,\"versionStr\":\"0.2.8\"},\"32\":{\"summary\":\"Button, um Formulare abzusenden\",\"core\":true,\"versionStr\":\"1.0.3\"},\"168\":{\"summary\":\"TinyMCE rich text editor version 6.8.2.\",\"core\":true,\"versionStr\":\"6.1.8\"},\"167\":{\"summary\":\"Erm\\u00f6glicht die Eingabe von vom Benutzer eingegebenen Tags oder die Auswahl vordefinierter Tags.\",\"core\":true,\"versionStr\":\"0.0.7\"},\"30\":{\"summary\":\"Enth\\u00e4lt ein oder mehrere Formularfeld(er)\",\"core\":true,\"versionStr\":\"1.0.7\"},\"15\":{\"summary\":\"Auswahl einer einzelnen Seite aus einem ProcessWire-Seitenbaum\",\"core\":true,\"versionStr\":\"1.0.1\"},\"137\":{\"summary\":\"Auswahl mehrerer Seiten aus einem ProcessWire-Seitenbaum\",\"core\":true,\"versionStr\":\"1.0.3\"},\"41\":{\"summary\":\"Texteingabe, die als Namensfeld in ProcessWire g\\u00fcltig ist\",\"core\":true,\"versionStr\":\"1.0.0\"},\"50\":{\"summary\":\"Module auflisten, bearbeiten oder (de)installieren\",\"core\":true,\"versionStr\":\"1.2.1\"},\"48\":{\"summary\":\"Einzelne Felder bearbeiten, die Seiten-Daten enthalten\",\"core\":true,\"versionStr\":\"1.1.4\",\"searchable\":\"fields\"},\"136\":{\"summary\":\"System-Berechtigungen verwalten\",\"core\":true,\"versionStr\":\"1.0.1\"},\"121\":{\"summary\":\"Provides a link capability as used by some Fieldtype modules (like rich text editors).\",\"core\":true,\"versionStr\":\"1.1.2\"},\"161\":{\"summary\":\"System Protokolle anschauen und verwalten.\",\"author\":\"Ryan Cramer\",\"core\":true,\"versionStr\":\"0.0.2\",\"permissions\":{\"logs-view\":\"Can view system logs\",\"logs-edit\":\"Can manage system logs\"},\"page\":{\"name\":\"logs\",\"parent\":\"setup\",\"title\":\"Logs\"}},\"150\":{\"summary\":\"Admin tool for finding and listing pages by any property.\",\"author\":\"Ryan Cramer\",\"core\":true,\"versionStr\":\"0.2.6\",\"permissions\":{\"page-lister\":\"Use Page Lister\"}},\"87\":{\"summary\":\"Agiert als Platzhalter-Prozess f\\u00fcr die Wurzelseite des Adminbereiches. Stellt die richtige Flow-Kontrolle nach dem Login sicher.\",\"core\":true,\"versionStr\":\"1.0.1\"},\"68\":{\"summary\":\"Benutzerrollen und mit ihnen verkn\\u00fcpfte Berechtigungen verwalten\",\"core\":true,\"versionStr\":\"1.0.4\"},\"83\":{\"summary\":\"Alle Seitenansichten werden durch diesen Prozess geroutet\",\"core\":true,\"versionStr\":\"1.0.6\"},\"104\":{\"summary\":\"Provides a page search engine for admin use.\",\"core\":true,\"versionStr\":\"1.0.8\"},\"12\":{\"summary\":\"List pages in a hierarchical tree structure\",\"core\":true,\"versionStr\":\"1.2.4\"},\"134\":{\"summary\":\"Seiten eines bestimmten Typs auflisten, bearbeiten und hinzuf\\u00fcgen\",\"core\":true,\"versionStr\":\"1.0.1\"},\"7\":{\"summary\":\"Edit a Page\",\"core\":true,\"versionStr\":\"1.1.2\"},\"129\":{\"summary\":\"Provides image manipulation functions for image fields and rich text editors.\",\"core\":true,\"versionStr\":\"1.2.1\"},\"76\":{\"summary\":\"Listet den Prozess auf, der jeder Unterseite der aktuellen Seite zugeordnet ist.\",\"core\":true,\"versionStr\":\"1.0.1\"},\"14\":{\"summary\":\"Handhabt das sortieren und verschieben von Seiten in der Seiten-Liste\",\"core\":true,\"versionStr\":\"1.0.1\"},\"66\":{\"summary\":\"System-Benutzer verwalten\",\"core\":true,\"versionStr\":\"1.0.7\",\"searchable\":\"users\"},\"10\":{\"summary\":\"Login to ProcessWire\",\"core\":true,\"versionStr\":\"1.0.9\"},\"109\":{\"summary\":\"Handhabt das Leeren des Papierkorbs f\\u00fcr Seiten\",\"core\":true,\"versionStr\":\"1.0.3\"},\"159\":{\"summary\":\"Shows a list of recently edited pages in your admin.\",\"author\":\"Ryan Cramer\",\"href\":\"http:\\/\\/modules.processwire.com\\/\",\"core\":true,\"versionStr\":\"0.0.2\",\"permissions\":{\"page-edit-recent\":\"Can see recently edited pages\"},\"page\":{\"name\":\"recent-pages\",\"parent\":\"page\",\"title\":\"Recent\"}},\"47\":{\"summary\":\"Templates auflisten und bearbeiten, die die Seitenausgabe kontrollieren\",\"core\":true,\"versionStr\":\"1.1.4\",\"searchable\":\"templates\"},\"17\":{\"summary\":\"Eine neue Seite hinzuf\\u00fcgen\",\"core\":true,\"versionStr\":\"1.0.9\"},\"138\":{\"summary\":\"Erlaubt dem Benutzer, Passwort, E-Mail-Adresse und andere Einstellungen zu \\u00e4ndern, die Sie vorgeben.\",\"core\":true,\"versionStr\":\"1.0.5\"},\"125\":{\"summary\":\"Throttles login attempts to help prevent dictionary attacks.\",\"core\":true,\"versionStr\":\"1.0.3\"},\"185\":{\"summary\":\"Commercial module (Inputfield) providing multi-type repeaters.\",\"href\":\"https:\\/\\/processwire.com\\/store\\/pro-fields\\/\",\"versionStr\":\"0.0.9\"},\"184\":{\"summary\":\"Commercial module (Fieldtype) providing multi-type repeaters.\",\"versionStr\":\"0.0.9\"},\"213\":{\"summary\":\"Module to create a REST API with ProcessWire\",\"author\":\"Sebastian Schendel\",\"href\":\"https:\\/\\/modules.processwire.com\\/modules\\/app-api\\/\",\"versionStr\":\"1.3.4\",\"permissions\":{\"appapi_manage_applications\":\"Manage AppApi settings\"},\"page\":{\"name\":\"appapi\",\"parent\":\"setup\",\"title\":\"AppApi\",\"icon\":\"terminal\"}},\"187\":{\"summary\":\"Automatically rename file\\/image uploads according to a configurable format\",\"author\":\"Adrian Jones\",\"href\":\"http:\\/\\/modules.processwire.com\\/modules\\/process-custom-upload-names\\/\",\"versionStr\":\"1.3.5\"},\"165\":{\"summary\":\"Create and\\/or restore database backups from ProcessWire admin.\",\"author\":\"Ryan Cramer\",\"versionStr\":\"0.0.6\",\"permissions\":{\"db-backup\":\"Manage database backups (recommended for superuser only)\"},\"page\":{\"name\":\"db-backups\",\"parent\":\"setup\",\"title\":\"DB Backups\"}},\"186\":{\"summary\":\"ProcessWire Textformatter for simple markdown style text formatting (*bold*, _italic_, ~strike~, ```mono```)\",\"versionStr\":\"1.3.0\"},\"164\":{\"summary\":\"Validates and\\/or sanitizes uploaded SVG files.\",\"author\":\"Adrian and Ryan\",\"versionStr\":\"0.0.5\"}}', '2010-04-08 03:10:01');
INSERT INTO `caches` (`name`, `data`, `expires`) VALUES('ModulesVersions.info', '{\"185\":8,\"173\":102,\"151\":1,\"56\":125,\"80\":101,\"174\":112,\"167\":5,\"121\":109,\"104\":107,\"129\":120,\"55\":128,\"60\":108,\"155\":171,\"168\":616,\"14\":100}', '2010-04-08 03:10:01');
INSERT INTO `caches` (`name`, `data`, `expires`) VALUES('Permissions.names', '{\"appapi_manage_applications\":1039,\"db-backup\":1018,\"lang-edit\":1021,\"logs-edit\":1014,\"logs-view\":1013,\"page-delete\":34,\"page-edit\":32,\"page-edit-recent\":1011,\"page-lister\":1006,\"page-lock\":54,\"page-move\":35,\"page-sort\":50,\"page-template\":51,\"page-view\":36,\"profile-edit\":53,\"user-admin\":52}', '2010-04-08 03:10:10');

DROP TABLE IF EXISTS `field_admin_theme`;
CREATE TABLE `field_admin_theme` (
  `pages_id` int(10) unsigned NOT NULL,
  `data` int(11) NOT NULL,
  PRIMARY KEY (`pages_id`),
  KEY `data` (`data`)
) ENGINE=InnoDB DEFAULT CHARSET=utf8mb4;

INSERT INTO `field_admin_theme` (`pages_id`, `data`) VALUES('41', '160');

DROP TABLE IF EXISTS `field_content`;
CREATE TABLE `field_content` (
  `pages_id` int(10) unsigned NOT NULL,
  `data` text NOT NULL,
  `count` int(11) NOT NULL,
  `parent_id` int(11) NOT NULL,
  PRIMARY KEY (`pages_id`),
  KEY `data_exact` (`data`(1)),
  KEY `count` (`count`,`pages_id`),
  KEY `parent_id` (`parent_id`,`pages_id`),
  FULLTEXT KEY `data` (`data`)
) ENGINE=InnoDB DEFAULT CHARSET=utf8mb4;


DROP TABLE IF EXISTS `field_email`;
CREATE TABLE `field_email` (
  `pages_id` int(10) unsigned NOT NULL,
  `data` varchar(191) NOT NULL DEFAULT '',
  PRIMARY KEY (`pages_id`),
  KEY `data_exact` (`data`),
  FULLTEXT KEY `data` (`data`)
) ENGINE=InnoDB DEFAULT CHARSET=utf8mb4;

INSERT INTO `field_email` (`pages_id`, `data`) VALUES('41', '');

DROP TABLE IF EXISTS `field_image`;
CREATE TABLE `field_image` (
  `pages_id` int(10) unsigned NOT NULL,
  `data` varchar(191) NOT NULL,
  `sort` int(10) unsigned NOT NULL,
  `description` text NOT NULL,
  `modified` datetime DEFAULT NULL,
  `created` datetime DEFAULT NULL,
  `filedata` mediumtext,
  `filesize` int(11) DEFAULT NULL,
  `created_users_id` int(10) unsigned NOT NULL DEFAULT '0',
  `modified_users_id` int(10) unsigned NOT NULL DEFAULT '0',
  `width` int(11) DEFAULT NULL,
  `height` int(11) DEFAULT NULL,
  `ratio` decimal(4,2) DEFAULT NULL,
  PRIMARY KEY (`pages_id`,`sort`),
  KEY `data` (`data`),
  KEY `modified` (`modified`),
  KEY `created` (`created`),
  KEY `filesize` (`filesize`),
  KEY `width` (`width`),
  KEY `height` (`height`),
  KEY `ratio` (`ratio`),
  FULLTEXT KEY `description` (`description`),
  FULLTEXT KEY `filedata` (`filedata`)
) ENGINE=InnoDB DEFAULT CHARSET=utf8mb4;


DROP TABLE IF EXISTS `field_images`;
CREATE TABLE `field_images` (
  `pages_id` int(10) unsigned NOT NULL,
  `data` varchar(191) NOT NULL,
  `sort` int(10) unsigned NOT NULL,
  `description` text NOT NULL,
  `modified` datetime DEFAULT NULL,
  `created` datetime DEFAULT NULL,
  `filedata` mediumtext,
  `filesize` int(11) DEFAULT NULL,
  `created_users_id` int(10) unsigned NOT NULL DEFAULT '0',
  `modified_users_id` int(10) unsigned NOT NULL DEFAULT '0',
  `width` int(11) DEFAULT NULL,
  `height` int(11) DEFAULT NULL,
  `ratio` decimal(4,2) DEFAULT NULL,
  PRIMARY KEY (`pages_id`,`sort`),
  KEY `data` (`data`),
  KEY `modified` (`modified`),
  KEY `created` (`created`),
  KEY `filesize` (`filesize`),
  KEY `width` (`width`),
  KEY `height` (`height`),
  KEY `ratio` (`ratio`),
  FULLTEXT KEY `description` (`description`),
  FULLTEXT KEY `filedata` (`filedata`)
) ENGINE=InnoDB DEFAULT CHARSET=utf8mb4;


DROP TABLE IF EXISTS `field_language`;
CREATE TABLE `field_language` (
  `pages_id` int(10) unsigned NOT NULL,
  `data` int(11) NOT NULL,
  `sort` int(10) unsigned NOT NULL,
  PRIMARY KEY (`pages_id`,`sort`),
  KEY `data` (`data`,`pages_id`,`sort`)
) ENGINE=InnoDB DEFAULT CHARSET=utf8mb4;

INSERT INTO `field_language` (`pages_id`, `data`, `sort`) VALUES('40', '1023', '0');
INSERT INTO `field_language` (`pages_id`, `data`, `sort`) VALUES('41', '1023', '0');

DROP TABLE IF EXISTS `field_language_files`;
CREATE TABLE `field_language_files` (
  `pages_id` int(10) unsigned NOT NULL,
  `data` varchar(191) NOT NULL,
  `sort` int(10) unsigned NOT NULL,
  `description` text NOT NULL,
  `modified` datetime DEFAULT NULL,
  `created` datetime DEFAULT NULL,
  `filedata` mediumtext,
  `filesize` int(11) DEFAULT NULL,
  `created_users_id` int(10) unsigned NOT NULL DEFAULT '0',
  `modified_users_id` int(10) unsigned NOT NULL DEFAULT '0',
  PRIMARY KEY (`pages_id`,`sort`),
  KEY `data` (`data`),
  KEY `modified` (`modified`),
  KEY `created` (`created`),
  KEY `filesize` (`filesize`),
  FULLTEXT KEY `description` (`description`),
  FULLTEXT KEY `filedata` (`filedata`)
) ENGINE=InnoDB DEFAULT CHARSET=utf8mb4;

INSERT INTO `field_language_files` (`pages_id`, `data`, `sort`, `description`, `modified`, `created`, `filedata`, `filesize`, `created_users_id`, `modified_users_id`) VALUES('1023', 'site--modules--processwireupgrade--processwireupgrade-module.json', '0', '[\"\"]', '2023-02-11 20:09:38', '2023-02-11 20:09:38', '', '1587', '41', '41');
INSERT INTO `field_language_files` (`pages_id`, `data`, `sort`, `description`, `modified`, `created`, `filedata`, `filesize`, `created_users_id`, `modified_users_id`) VALUES('1023', 'site--modules--processwireupgrade--processwireupgradecheck-config-php.json', '1', '[\"\"]', '2023-02-11 20:09:38', '2023-02-11 20:09:38', '', '884', '41', '41');
INSERT INTO `field_language_files` (`pages_id`, `data`, `sort`, `description`, `modified`, `created`, `filedata`, `filesize`, `created_users_id`, `modified_users_id`) VALUES('1023', 'site--modules--processwireupgrade--processwireupgradecheck-module.json', '2', '[\"\"]', '2023-02-11 20:09:38', '2023-02-11 20:09:38', '', '1164', '41', '41');
INSERT INTO `field_language_files` (`pages_id`, `data`, `sort`, `description`, `modified`, `created`, `filedata`, `filesize`, `created_users_id`, `modified_users_id`) VALUES('1023', 'wire--core--admin-php.json', '3', '[\"\"]', '2023-02-11 20:09:38', '2023-02-11 20:09:38', '', '1204', '41', '41');
INSERT INTO `field_language_files` (`pages_id`, `data`, `sort`, `description`, `modified`, `created`, `filedata`, `filesize`, `created_users_id`, `modified_users_id`) VALUES('1023', 'wire--core--admintheme-php.json', '4', '[\"\"]', '2023-02-11 20:09:38', '2023-02-11 20:09:38', '', '931', '41', '41');
INSERT INTO `field_language_files` (`pages_id`, `data`, `sort`, `description`, `modified`, `created`, `filedata`, `filesize`, `created_users_id`, `modified_users_id`) VALUES('1023', 'wire--core--adminthemeframework-php.json', '5', '[\"\"]', '2023-02-11 20:09:38', '2023-02-11 20:09:38', '', '1499', '41', '41');
INSERT INTO `field_language_files` (`pages_id`, `data`, `sort`, `description`, `modified`, `created`, `filedata`, `filesize`, `created_users_id`, `modified_users_id`) VALUES('1023', 'wire--core--field-php.json', '6', '[\"\"]', '2023-02-11 20:09:38', '2023-02-11 20:09:38', '', '441', '41', '41');
INSERT INTO `field_language_files` (`pages_id`, `data`, `sort`, `description`, `modified`, `created`, `filedata`, `filesize`, `created_users_id`, `modified_users_id`) VALUES('1023', 'wire--core--fieldgroups-php.json', '7', '[\"\"]', '2023-02-11 20:09:38', '2023-02-11 20:09:38', '', '563', '41', '41');
INSERT INTO `field_language_files` (`pages_id`, `data`, `sort`, `description`, `modified`, `created`, `filedata`, `filesize`, `created_users_id`, `modified_users_id`) VALUES('1023', 'wire--core--fields-php.json', '8', '[\"\"]', '2023-02-11 20:09:38', '2023-02-11 20:09:38', '', '675', '41', '41');
INSERT INTO `field_language_files` (`pages_id`, `data`, `sort`, `description`, `modified`, `created`, `filedata`, `filesize`, `created_users_id`, `modified_users_id`) VALUES('1023', 'wire--core--fieldselectorinfo-php.json', '9', '[\"\"]', '2023-02-11 20:09:38', '2023-02-11 20:09:38', '', '405', '41', '41');
INSERT INTO `field_language_files` (`pages_id`, `data`, `sort`, `description`, `modified`, `created`, `filedata`, `filesize`, `created_users_id`, `modified_users_id`) VALUES('1023', 'wire--core--fieldstabletools-php.json', '10', '[\"\"]', '2023-02-11 20:09:38', '2023-02-11 20:09:38', '', '1207', '41', '41');
INSERT INTO `field_language_files` (`pages_id`, `data`, `sort`, `description`, `modified`, `created`, `filedata`, `filesize`, `created_users_id`, `modified_users_id`) VALUES('1023', 'wire--core--fieldtype-php.json', '11', '[\"\"]', '2023-02-11 20:09:38', '2023-02-11 20:09:38', '', '1230', '41', '41');
INSERT INTO `field_language_files` (`pages_id`, `data`, `sort`, `description`, `modified`, `created`, `filedata`, `filesize`, `created_users_id`, `modified_users_id`) VALUES('1023', 'wire--core--fieldtypemulti-php.json', '12', '[\"\"]', '2023-02-11 20:09:38', '2023-02-11 20:09:38', '', '1623', '41', '41');
INSERT INTO `field_language_files` (`pages_id`, `data`, `sort`, `description`, `modified`, `created`, `filedata`, `filesize`, `created_users_id`, `modified_users_id`) VALUES('1023', 'wire--core--filecompiler-php.json', '13', '[\"\"]', '2023-02-11 20:09:38', '2023-02-11 20:09:38', '', '222', '41', '41');
INSERT INTO `field_language_files` (`pages_id`, `data`, `sort`, `description`, `modified`, `created`, `filedata`, `filesize`, `created_users_id`, `modified_users_id`) VALUES('1023', 'wire--core--filecompilermodule-php.json', '14', '[\"\"]', '2023-02-11 20:09:38', '2023-02-11 20:09:38', '', '463', '41', '41');
INSERT INTO `field_language_files` (`pages_id`, `data`, `sort`, `description`, `modified`, `created`, `filedata`, `filesize`, `created_users_id`, `modified_users_id`) VALUES('1023', 'wire--core--filevalidatormodule-php.json', '15', '[\"\"]', '2023-02-11 20:09:38', '2023-02-11 20:09:38', '', '425', '41', '41');
INSERT INTO `field_language_files` (`pages_id`, `data`, `sort`, `description`, `modified`, `created`, `filedata`, `filesize`, `created_users_id`, `modified_users_id`) VALUES('1023', 'wire--core--functions-php.json', '16', '[\"\"]', '2023-02-11 20:09:38', '2023-02-11 20:09:38', '', '608', '41', '41');
INSERT INTO `field_language_files` (`pages_id`, `data`, `sort`, `description`, `modified`, `created`, `filedata`, `filesize`, `created_users_id`, `modified_users_id`) VALUES('1023', 'wire--core--imagesizerengine-php.json', '17', '[\"\"]', '2023-02-11 20:09:38', '2023-02-11 20:09:38', '', '1500', '41', '41');
INSERT INTO `field_language_files` (`pages_id`, `data`, `sort`, `description`, `modified`, `created`, `filedata`, `filesize`, `created_users_id`, `modified_users_id`) VALUES('1023', 'wire--core--imagesizerenginegd-php.json', '18', '[\"\"]', '2023-02-11 20:09:38', '2023-02-11 20:09:38', '', '442', '41', '41');
INSERT INTO `field_language_files` (`pages_id`, `data`, `sort`, `description`, `modified`, `created`, `filedata`, `filesize`, `created_users_id`, `modified_users_id`) VALUES('1023', 'wire--core--inputfield-php.json', '19', '[\"\"]', '2023-02-11 20:09:38', '2023-02-11 20:09:38', '', '4107', '41', '41');
INSERT INTO `field_language_files` (`pages_id`, `data`, `sort`, `description`, `modified`, `created`, `filedata`, `filesize`, `created_users_id`, `modified_users_id`) VALUES('1023', 'wire--core--inputfieldwrapper-php.json', '20', '[\"\"]', '2023-02-11 20:09:38', '2023-02-11 20:09:38', '', '348', '41', '41');
INSERT INTO `field_language_files` (`pages_id`, `data`, `sort`, `description`, `modified`, `created`, `filedata`, `filesize`, `created_users_id`, `modified_users_id`) VALUES('1023', 'wire--core--interfaces-php.json', '21', '[\"\"]', '2023-02-11 20:09:38', '2023-02-11 20:09:38', '', '116', '41', '41');
INSERT INTO `field_language_files` (`pages_id`, `data`, `sort`, `description`, `modified`, `created`, `filedata`, `filesize`, `created_users_id`, `modified_users_id`) VALUES('1023', 'wire--core--languagefunctions-php.json', '22', '[\"\"]', '2023-02-11 20:09:38', '2023-02-11 20:09:38', '', '1629', '41', '41');
INSERT INTO `field_language_files` (`pages_id`, `data`, `sort`, `description`, `modified`, `created`, `filedata`, `filesize`, `created_users_id`, `modified_users_id`) VALUES('1023', 'wire--core--markupqa-php.json', '23', '[\"\"]', '2023-02-11 20:09:38', '2023-02-11 20:09:38', '', '690', '41', '41');
INSERT INTO `field_language_files` (`pages_id`, `data`, `sort`, `description`, `modified`, `created`, `filedata`, `filesize`, `created_users_id`, `modified_users_id`) VALUES('1023', 'wire--core--modules-php.json', '24', '[\"\"]', '2023-02-11 20:09:38', '2023-02-11 20:09:38', '', '3184', '41', '41');
INSERT INTO `field_language_files` (`pages_id`, `data`, `sort`, `description`, `modified`, `created`, `filedata`, `filesize`, `created_users_id`, `modified_users_id`) VALUES('1023', 'wire--core--modulesduplicates-php.json', '25', '[\"\"]', '2023-02-11 20:09:38', '2023-02-11 20:09:38', '', '457', '41', '41');
INSERT INTO `field_language_files` (`pages_id`, `data`, `sort`, `description`, `modified`, `created`, `filedata`, `filesize`, `created_users_id`, `modified_users_id`) VALUES('1023', 'wire--core--pageimage-php.json', '26', '[\"\"]', '2023-02-11 20:09:38', '2023-02-11 20:09:38', '', '251', '41', '41');
INSERT INTO `field_language_files` (`pages_id`, `data`, `sort`, `description`, `modified`, `created`, `filedata`, `filesize`, `created_users_id`, `modified_users_id`) VALUES('1023', 'wire--core--pageseditor-php.json', '27', '[\"\"]', '2023-02-11 20:09:38', '2023-02-11 20:09:38', '', '1272', '41', '41');
INSERT INTO `field_language_files` (`pages_id`, `data`, `sort`, `description`, `modified`, `created`, `filedata`, `filesize`, `created_users_id`, `modified_users_id`) VALUES('1023', 'wire--core--pagesexportimport-php.json', '28', '[\"\"]', '2023-02-11 20:09:38', '2023-02-11 20:09:38', '', '1223', '41', '41');
INSERT INTO `field_language_files` (`pages_id`, `data`, `sort`, `description`, `modified`, `created`, `filedata`, `filesize`, `created_users_id`, `modified_users_id`) VALUES('1023', 'wire--core--pagesnames-php.json', '29', '[\"\"]', '2023-02-11 20:09:38', '2023-02-11 20:09:38', '', '780', '41', '41');
INSERT INTO `field_language_files` (`pages_id`, `data`, `sort`, `description`, `modified`, `created`, `filedata`, `filesize`, `created_users_id`, `modified_users_id`) VALUES('1023', 'wire--core--paginatedarray-php.json', '30', '[\"\"]', '2023-02-11 20:09:38', '2023-02-11 20:09:38', '', '333', '41', '41');
INSERT INTO `field_language_files` (`pages_id`, `data`, `sort`, `description`, `modified`, `created`, `filedata`, `filesize`, `created_users_id`, `modified_users_id`) VALUES('1023', 'wire--core--password-php.json', '31', '[\"\"]', '2023-02-11 20:09:38', '2023-02-11 20:09:38', '', '319', '41', '41');
INSERT INTO `field_language_files` (`pages_id`, `data`, `sort`, `description`, `modified`, `created`, `filedata`, `filesize`, `created_users_id`, `modified_users_id`) VALUES('1023', 'wire--core--permissions-php.json', '32', '[\"\"]', '2023-02-11 20:09:38', '2023-02-11 20:09:38', '', '2339', '41', '41');
INSERT INTO `field_language_files` (`pages_id`, `data`, `sort`, `description`, `modified`, `created`, `filedata`, `filesize`, `created_users_id`, `modified_users_id`) VALUES('1023', 'wire--core--process-php.json', '33', '[\"\"]', '2023-02-11 20:09:38', '2023-02-11 20:09:38', '', '414', '41', '41');
INSERT INTO `field_language_files` (`pages_id`, `data`, `sort`, `description`, `modified`, `created`, `filedata`, `filesize`, `created_users_id`, `modified_users_id`) VALUES('1023', 'wire--core--processcontroller-php.json', '34', '[\"\"]', '2023-02-11 20:09:38', '2023-02-11 20:09:38', '', '254', '41', '41');
INSERT INTO `field_language_files` (`pages_id`, `data`, `sort`, `description`, `modified`, `created`, `filedata`, `filesize`, `created_users_id`, `modified_users_id`) VALUES('1023', 'wire--core--processwire-php.json', '35', '[\"\"]', '2023-02-11 20:09:38', '2023-02-11 20:09:38', '', '206', '41', '41');
INSERT INTO `field_language_files` (`pages_id`, `data`, `sort`, `description`, `modified`, `created`, `filedata`, `filesize`, `created_users_id`, `modified_users_id`) VALUES('1023', 'wire--core--sanitizer-php.json', '36', '[\"\"]', '2023-02-11 20:09:38', '2023-02-11 20:09:38', '', '234', '41', '41');
INSERT INTO `field_language_files` (`pages_id`, `data`, `sort`, `description`, `modified`, `created`, `filedata`, `filesize`, `created_users_id`, `modified_users_id`) VALUES('1023', 'wire--core--selector-php.json', '37', '[\"\"]', '2023-02-11 20:09:38', '2023-02-11 20:09:38', '', '6890', '41', '41');
INSERT INTO `field_language_files` (`pages_id`, `data`, `sort`, `description`, `modified`, `created`, `filedata`, `filesize`, `created_users_id`, `modified_users_id`) VALUES('1023', 'wire--core--session-php.json', '38', '[\"\"]', '2023-02-11 20:09:38', '2023-02-11 20:09:38', '', '196', '41', '41');
INSERT INTO `field_language_files` (`pages_id`, `data`, `sort`, `description`, `modified`, `created`, `filedata`, `filesize`, `created_users_id`, `modified_users_id`) VALUES('1023', 'wire--core--sessioncsrf-php.json', '39', '[\"\"]', '2023-02-11 20:09:38', '2023-02-11 20:09:38', '', '259', '41', '41');
INSERT INTO `field_language_files` (`pages_id`, `data`, `sort`, `description`, `modified`, `created`, `filedata`, `filesize`, `created_users_id`, `modified_users_id`) VALUES('1023', 'wire--core--tfa-php.json', '40', '[\"\"]', '2023-02-11 20:09:38', '2023-02-11 20:09:38', '', '2626', '41', '41');
INSERT INTO `field_language_files` (`pages_id`, `data`, `sort`, `description`, `modified`, `created`, `filedata`, `filesize`, `created_users_id`, `modified_users_id`) VALUES('1023', 'wire--core--wire-php.json', '41', '[\"\"]', '2023-02-11 20:09:38', '2023-02-11 20:09:38', '', '104', '41', '41');
INSERT INTO `field_language_files` (`pages_id`, `data`, `sort`, `description`, `modified`, `created`, `filedata`, `filesize`, `created_users_id`, `modified_users_id`) VALUES('1023', 'wire--core--wirecache-php.json', '42', '[\"\"]', '2023-02-11 20:09:38', '2023-02-11 20:09:38', '', '706', '41', '41');
INSERT INTO `field_language_files` (`pages_id`, `data`, `sort`, `description`, `modified`, `created`, `filedata`, `filesize`, `created_users_id`, `modified_users_id`) VALUES('1023', 'wire--core--wiredatetime-php.json', '43', '[\"\"]', '2023-02-11 20:09:38', '2023-02-11 20:09:38', '', '3332', '41', '41');
INSERT INTO `field_language_files` (`pages_id`, `data`, `sort`, `description`, `modified`, `created`, `filedata`, `filesize`, `created_users_id`, `modified_users_id`) VALUES('1023', 'wire--core--wirehttp-php.json', '44', '[\"\"]', '2023-02-11 20:09:38', '2023-02-11 20:09:38', '', '491', '41', '41');
INSERT INTO `field_language_files` (`pages_id`, `data`, `sort`, `description`, `modified`, `created`, `filedata`, `filesize`, `created_users_id`, `modified_users_id`) VALUES('1023', 'wire--core--wireshutdown-php.json', '45', '[\"\"]', '2023-02-11 20:09:38', '2023-02-11 20:09:38', '', '2599', '41', '41');
INSERT INTO `field_language_files` (`pages_id`, `data`, `sort`, `description`, `modified`, `created`, `filedata`, `filesize`, `created_users_id`, `modified_users_id`) VALUES('1023', 'wire--core--wiretexttools-php.json', '46', '[\"\"]', '2023-02-11 20:09:38', '2023-02-11 20:09:38', '', '612', '41', '41');
INSERT INTO `field_language_files` (`pages_id`, `data`, `sort`, `description`, `modified`, `created`, `filedata`, `filesize`, `created_users_id`, `modified_users_id`) VALUES('1023', 'wire--core--wireupload-php.json', '47', '[\"\"]', '2023-02-11 20:09:38', '2023-02-11 20:09:38', '', '1704', '41', '41');
INSERT INTO `field_language_files` (`pages_id`, `data`, `sort`, `description`, `modified`, `created`, `filedata`, `filesize`, `created_users_id`, `modified_users_id`) VALUES('1023', 'wire--modules--admintheme--adminthemedefault--adminthemedefault-module.json', '48', '[\"\"]', '2023-02-11 20:09:38', '2023-02-11 20:09:38', '', '630', '41', '41');
INSERT INTO `field_language_files` (`pages_id`, `data`, `sort`, `description`, `modified`, `created`, `filedata`, `filesize`, `created_users_id`, `modified_users_id`) VALUES('1023', 'wire--modules--admintheme--adminthemedefault--adminthemedefaulthelpers-php.json', '49', '[\"\"]', '2023-02-11 20:09:38', '2023-02-11 20:09:38', '', '952', '41', '41');
INSERT INTO `field_language_files` (`pages_id`, `data`, `sort`, `description`, `modified`, `created`, `filedata`, `filesize`, `created_users_id`, `modified_users_id`) VALUES('1023', 'wire--modules--admintheme--adminthemedefault--default-php.json', '50', '[\"\"]', '2023-02-11 20:09:38', '2023-02-11 20:09:38', '', '464', '41', '41');
INSERT INTO `field_language_files` (`pages_id`, `data`, `sort`, `description`, `modified`, `created`, `filedata`, `filesize`, `created_users_id`, `modified_users_id`) VALUES('1023', 'wire--modules--admintheme--adminthemereno--adminthemereno-module.json', '51', '[\"\"]', '2023-02-11 20:09:38', '2023-02-11 20:09:38', '', '2799', '41', '41');
INSERT INTO `field_language_files` (`pages_id`, `data`, `sort`, `description`, `modified`, `created`, `filedata`, `filesize`, `created_users_id`, `modified_users_id`) VALUES('1023', 'wire--modules--admintheme--adminthemereno--adminthemerenohelpers-php.json', '52', '[\"\"]', '2023-02-11 20:09:38', '2023-02-11 20:09:38', '', '993', '41', '41');
INSERT INTO `field_language_files` (`pages_id`, `data`, `sort`, `description`, `modified`, `created`, `filedata`, `filesize`, `created_users_id`, `modified_users_id`) VALUES('1023', 'wire--modules--admintheme--adminthemereno--debug-inc.json', '53', '[\"\"]', '2023-02-11 20:09:38', '2023-02-11 20:09:38', '', '1620', '41', '41');
INSERT INTO `field_language_files` (`pages_id`, `data`, `sort`, `description`, `modified`, `created`, `filedata`, `filesize`, `created_users_id`, `modified_users_id`) VALUES('1023', 'wire--modules--admintheme--adminthemereno--default-php.json', '54', '[\"\"]', '2023-02-11 20:09:38', '2023-02-11 20:09:38', '', '434', '41', '41');
INSERT INTO `field_language_files` (`pages_id`, `data`, `sort`, `description`, `modified`, `created`, `filedata`, `filesize`, `created_users_id`, `modified_users_id`) VALUES('1023', 'wire--modules--admintheme--adminthemeuikit--_masthead-php.json', '55', '[\"\"]', '2023-02-11 20:09:38', '2023-02-11 20:09:38', '', '270', '41', '41');
INSERT INTO `field_language_files` (`pages_id`, `data`, `sort`, `description`, `modified`, `created`, `filedata`, `filesize`, `created_users_id`, `modified_users_id`) VALUES('1023', 'wire--modules--admintheme--adminthemeuikit--_sidenav-masthead-php.json', '56', '[\"\"]', '2023-02-11 20:09:38', '2023-02-11 20:09:38', '', '487', '41', '41');
INSERT INTO `field_language_files` (`pages_id`, `data`, `sort`, `description`, `modified`, `created`, `filedata`, `filesize`, `created_users_id`, `modified_users_id`) VALUES('1023', 'wire--modules--admintheme--adminthemeuikit--adminthemeuikit-module.json', '57', '[\"\"]', '2023-02-11 20:09:38', '2023-02-11 20:09:38', '', '284', '41', '41');
INSERT INTO `field_language_files` (`pages_id`, `data`, `sort`, `description`, `modified`, `created`, `filedata`, `filesize`, `created_users_id`, `modified_users_id`) VALUES('1023', 'wire--modules--admintheme--adminthemeuikit--adminthemeuikitcss-php.json', '58', '[\"\"]', '2023-02-11 20:09:38', '2023-02-11 20:09:38', '', '417', '41', '41');
INSERT INTO `field_language_files` (`pages_id`, `data`, `sort`, `description`, `modified`, `created`, `filedata`, `filesize`, `created_users_id`, `modified_users_id`) VALUES('1023', 'wire--modules--admintheme--adminthemeuikit--config-php.json', '59', '[\"\"]', '2023-02-11 20:09:38', '2023-02-11 20:09:38', '', '15160', '41', '41');
INSERT INTO `field_language_files` (`pages_id`, `data`, `sort`, `description`, `modified`, `created`, `filedata`, `filesize`, `created_users_id`, `modified_users_id`) VALUES('1023', 'wire--modules--fieldtype--fieldtypecomments--commentfilterakismet-module.json', '60', '[\"\"]', '2023-02-11 20:09:38', '2023-02-11 20:09:38', '', '910', '41', '41');
INSERT INTO `field_language_files` (`pages_id`, `data`, `sort`, `description`, `modified`, `created`, `filedata`, `filesize`, `created_users_id`, `modified_users_id`) VALUES('1023', 'wire--modules--fieldtype--fieldtypecomments--commentform-php.json', '61', '[\"\"]', '2023-02-11 20:09:38', '2023-02-11 20:09:38', '', '1872', '41', '41');
INSERT INTO `field_language_files` (`pages_id`, `data`, `sort`, `description`, `modified`, `created`, `filedata`, `filesize`, `created_users_id`, `modified_users_id`) VALUES('1023', 'wire--modules--fieldtype--fieldtypecomments--commentlist-php.json', '62', '[\"\"]', '2023-02-11 20:09:38', '2023-02-11 20:09:38', '', '998', '41', '41');
INSERT INTO `field_language_files` (`pages_id`, `data`, `sort`, `description`, `modified`, `created`, `filedata`, `filesize`, `created_users_id`, `modified_users_id`) VALUES('1023', 'wire--modules--fieldtype--fieldtypecomments--commentlistcustom-php.json', '63', '[\"\"]', '2023-02-11 20:09:38', '2023-02-11 20:09:38', '', '550', '41', '41');
INSERT INTO `field_language_files` (`pages_id`, `data`, `sort`, `description`, `modified`, `created`, `filedata`, `filesize`, `created_users_id`, `modified_users_id`) VALUES('1023', 'wire--modules--fieldtype--fieldtypecomments--commentnotifications-php.json', '64', '[\"\"]', '2023-02-11 20:09:38', '2023-02-11 20:09:38', '', '3371', '41', '41');
INSERT INTO `field_language_files` (`pages_id`, `data`, `sort`, `description`, `modified`, `created`, `filedata`, `filesize`, `created_users_id`, `modified_users_id`) VALUES('1023', 'wire--modules--fieldtype--fieldtypecomments--commentstars-php.json', '65', '[\"\"]', '2023-02-11 20:09:38', '2023-02-11 20:09:38', '', '493', '41', '41');
INSERT INTO `field_language_files` (`pages_id`, `data`, `sort`, `description`, `modified`, `created`, `filedata`, `filesize`, `created_users_id`, `modified_users_id`) VALUES('1023', 'wire--modules--fieldtype--fieldtypecomments--fieldtypecomments-module.json', '66', '[\"\"]', '2023-02-11 20:09:38', '2023-02-11 20:09:38', '', '13591', '41', '41');
INSERT INTO `field_language_files` (`pages_id`, `data`, `sort`, `description`, `modified`, `created`, `filedata`, `filesize`, `created_users_id`, `modified_users_id`) VALUES('1023', 'wire--modules--fieldtype--fieldtypecomments--inputfieldcommentsadmin-module.json', '67', '[\"\"]', '2023-02-11 20:09:38', '2023-02-11 20:09:38', '', '2775', '41', '41');
INSERT INTO `field_language_files` (`pages_id`, `data`, `sort`, `description`, `modified`, `created`, `filedata`, `filesize`, `created_users_id`, `modified_users_id`) VALUES('1023', 'wire--modules--fieldtype--fieldtypedatetime-module.json', '68', '[\"\"]', '2023-02-11 20:09:38', '2023-02-11 20:09:38', '', '1994', '41', '41');
INSERT INTO `field_language_files` (`pages_id`, `data`, `sort`, `description`, `modified`, `created`, `filedata`, `filesize`, `created_users_id`, `modified_users_id`) VALUES('1023', 'wire--modules--fieldtype--fieldtypedecimal-module.json', '69', '[\"\"]', '2023-02-11 20:09:38', '2023-02-11 20:09:38', '', '1409', '41', '41');
INSERT INTO `field_language_files` (`pages_id`, `data`, `sort`, `description`, `modified`, `created`, `filedata`, `filesize`, `created_users_id`, `modified_users_id`) VALUES('1023', 'wire--modules--fieldtype--fieldtypefieldsettabopen-module.json', '70', '[\"\"]', '2023-02-11 20:09:38', '2023-02-11 20:09:38', '', '773', '41', '41');
INSERT INTO `field_language_files` (`pages_id`, `data`, `sort`, `description`, `modified`, `created`, `filedata`, `filesize`, `created_users_id`, `modified_users_id`) VALUES('1023', 'wire--modules--fieldtype--fieldtypefile--config-php.json', '71', '[\"\"]', '2023-02-11 20:09:38', '2023-02-11 20:09:38', '', '11213', '41', '41');
INSERT INTO `field_language_files` (`pages_id`, `data`, `sort`, `description`, `modified`, `created`, `filedata`, `filesize`, `created_users_id`, `modified_users_id`) VALUES('1023', 'wire--modules--fieldtype--fieldtypefile--fieldtypefile-module.json', '72', '[\"\"]', '2023-02-11 20:09:38', '2023-02-11 20:09:38', '', '1042', '41', '41');
INSERT INTO `field_language_files` (`pages_id`, `data`, `sort`, `description`, `modified`, `created`, `filedata`, `filesize`, `created_users_id`, `modified_users_id`) VALUES('1023', 'wire--modules--fieldtype--fieldtypefloat-module.json', '73', '[\"\"]', '2023-02-11 20:09:38', '2023-02-11 20:09:38', '', '515', '41', '41');
INSERT INTO `field_language_files` (`pages_id`, `data`, `sort`, `description`, `modified`, `created`, `filedata`, `filesize`, `created_users_id`, `modified_users_id`) VALUES('1023', 'wire--modules--fieldtype--fieldtypeinteger-module.json', '74', '[\"\"]', '2023-02-11 20:09:38', '2023-02-11 20:09:38', '', '1636', '41', '41');
INSERT INTO `field_language_files` (`pages_id`, `data`, `sort`, `description`, `modified`, `created`, `filedata`, `filesize`, `created_users_id`, `modified_users_id`) VALUES('1023', 'wire--modules--fieldtype--fieldtypemodule-module.json', '75', '[\"\"]', '2023-02-11 20:09:38', '2023-02-11 20:09:38', '', '1761', '41', '41');
INSERT INTO `field_language_files` (`pages_id`, `data`, `sort`, `description`, `modified`, `created`, `filedata`, `filesize`, `created_users_id`, `modified_users_id`) VALUES('1023', 'wire--modules--fieldtype--fieldtypeoptions--fieldtypeoptions-module.json', '76', '[\"\"]', '2023-02-11 20:09:38', '2023-02-11 20:09:38', '', '1112', '41', '41');
INSERT INTO `field_language_files` (`pages_id`, `data`, `sort`, `description`, `modified`, `created`, `filedata`, `filesize`, `created_users_id`, `modified_users_id`) VALUES('1023', 'wire--modules--fieldtype--fieldtypeoptions--selectableoptionconfig-php.json', '77', '[\"\"]', '2023-02-11 20:09:38', '2023-02-11 20:09:38', '', '3343', '41', '41');
INSERT INTO `field_language_files` (`pages_id`, `data`, `sort`, `description`, `modified`, `created`, `filedata`, `filesize`, `created_users_id`, `modified_users_id`) VALUES('1023', 'wire--modules--fieldtype--fieldtypeoptions--selectableoptionmanager-php.json', '78', '[\"\"]', '2023-02-11 20:09:38', '2023-02-11 20:09:38', '', '829', '41', '41');
INSERT INTO `field_language_files` (`pages_id`, `data`, `sort`, `description`, `modified`, `created`, `filedata`, `filesize`, `created_users_id`, `modified_users_id`) VALUES('1023', 'wire--modules--fieldtype--fieldtypepage-module.json', '79', '[\"\"]', '2023-02-11 20:09:38', '2023-02-11 20:09:38', '', '2898', '41', '41');
INSERT INTO `field_language_files` (`pages_id`, `data`, `sort`, `description`, `modified`, `created`, `filedata`, `filesize`, `created_users_id`, `modified_users_id`) VALUES('1023', 'wire--modules--fieldtype--fieldtypepagetable-module.json', '80', '[\"\"]', '2023-02-11 20:09:38', '2023-02-11 20:09:38', '', '4020', '41', '41');
INSERT INTO `field_language_files` (`pages_id`, `data`, `sort`, `description`, `modified`, `created`, `filedata`, `filesize`, `created_users_id`, `modified_users_id`) VALUES('1023', 'wire--modules--fieldtype--fieldtyperepeater--config-php.json', '81', '[\"\"]', '2023-02-11 20:09:38', '2023-02-11 20:09:38', '', '9278', '41', '41');
INSERT INTO `field_language_files` (`pages_id`, `data`, `sort`, `description`, `modified`, `created`, `filedata`, `filesize`, `created_users_id`, `modified_users_id`) VALUES('1023', 'wire--modules--fieldtype--fieldtyperepeater--fieldsetpageinstructions-php.json', '82', '[\"\"]', '2023-02-11 20:09:38', '2023-02-11 20:09:38', '', '2509', '41', '41');
INSERT INTO `field_language_files` (`pages_id`, `data`, `sort`, `description`, `modified`, `created`, `filedata`, `filesize`, `created_users_id`, `modified_users_id`) VALUES('1023', 'wire--modules--fieldtype--fieldtyperepeater--fieldtypefieldsetpage-module.json', '83', '[\"\"]', '2023-02-11 20:09:38', '2023-02-11 20:09:38', '', '859', '41', '41');
INSERT INTO `field_language_files` (`pages_id`, `data`, `sort`, `description`, `modified`, `created`, `filedata`, `filesize`, `created_users_id`, `modified_users_id`) VALUES('1023', 'wire--modules--fieldtype--fieldtyperepeater--fieldtyperepeater-module.json', '84', '[\"\"]', '2023-02-11 20:09:38', '2023-02-11 20:09:38', '', '454', '41', '41');
INSERT INTO `field_language_files` (`pages_id`, `data`, `sort`, `description`, `modified`, `created`, `filedata`, `filesize`, `created_users_id`, `modified_users_id`) VALUES('1023', 'wire--modules--fieldtype--fieldtyperepeater--inputfieldrepeater-module.json', '85', '[\"\"]', '2023-02-11 20:09:38', '2023-02-11 20:09:38', '', '2343', '41', '41');
INSERT INTO `field_language_files` (`pages_id`, `data`, `sort`, `description`, `modified`, `created`, `filedata`, `filesize`, `created_users_id`, `modified_users_id`) VALUES('1023', 'wire--modules--fieldtype--fieldtypeselector-module.json', '86', '[\"\"]', '2023-02-11 20:09:38', '2023-02-11 20:09:38', '', '1153', '41', '41');
INSERT INTO `field_language_files` (`pages_id`, `data`, `sort`, `description`, `modified`, `created`, `filedata`, `filesize`, `created_users_id`, `modified_users_id`) VALUES('1023', 'wire--modules--fieldtype--fieldtypetext-module.json', '87', '[\"\"]', '2023-02-11 20:09:38', '2023-02-11 20:09:38', '', '1601', '41', '41');
INSERT INTO `field_language_files` (`pages_id`, `data`, `sort`, `description`, `modified`, `created`, `filedata`, `filesize`, `created_users_id`, `modified_users_id`) VALUES('1023', 'wire--modules--fieldtype--fieldtypetextareahelper-php.json', '88', '[\"\"]', '2023-02-11 20:09:38', '2023-02-11 20:09:38', '', '6880', '41', '41');
INSERT INTO `field_language_files` (`pages_id`, `data`, `sort`, `description`, `modified`, `created`, `filedata`, `filesize`, `created_users_id`, `modified_users_id`) VALUES('1023', 'wire--modules--fieldtype--fieldtypetoggle-module.json', '89', '[\"\"]', '2023-02-11 20:09:38', '2023-02-11 20:09:38', '', '2189', '41', '41');
INSERT INTO `field_language_files` (`pages_id`, `data`, `sort`, `description`, `modified`, `created`, `filedata`, `filesize`, `created_users_id`, `modified_users_id`) VALUES('1023', 'wire--modules--fieldtype--fieldtypeurl-module.json', '90', '[\"\"]', '2023-02-11 20:09:38', '2023-02-11 20:09:38', '', '3112', '41', '41');
INSERT INTO `field_language_files` (`pages_id`, `data`, `sort`, `description`, `modified`, `created`, `filedata`, `filesize`, `created_users_id`, `modified_users_id`) VALUES('1023', 'wire--modules--filecompilertags-module.json', '91', '[\"\"]', '2023-02-11 20:09:38', '2023-02-11 20:09:38', '', '347', '41', '41');
INSERT INTO `field_language_files` (`pages_id`, `data`, `sort`, `description`, `modified`, `created`, `filedata`, `filesize`, `created_users_id`, `modified_users_id`) VALUES('1023', 'wire--modules--image--imagesizerengineanimatedgif--imagesizerengineanimatedgif-module.json', '92', '[\"\"]', '2023-02-11 20:09:38', '2023-02-11 20:09:38', '', '399', '41', '41');
INSERT INTO `field_language_files` (`pages_id`, `data`, `sort`, `description`, `modified`, `created`, `filedata`, `filesize`, `created_users_id`, `modified_users_id`) VALUES('1023', 'wire--modules--image--imagesizerengineimagick--imagesizerengineimagick-module.json', '93', '[\"\"]', '2023-02-11 20:09:38', '2023-02-11 20:09:38', '', '506', '41', '41');
INSERT INTO `field_language_files` (`pages_id`, `data`, `sort`, `description`, `modified`, `created`, `filedata`, `filesize`, `created_users_id`, `modified_users_id`) VALUES('1023', 'wire--modules--inputfield--inputfieldasmselect--inputfieldasmselect-module.json', '94', '[\"\"]', '2023-02-11 20:09:38', '2023-02-11 20:09:38', '', '1049', '41', '41');
INSERT INTO `field_language_files` (`pages_id`, `data`, `sort`, `description`, `modified`, `created`, `filedata`, `filesize`, `created_users_id`, `modified_users_id`) VALUES('1023', 'wire--modules--inputfield--inputfieldbutton-module.json', '95', '[\"\"]', '2023-02-11 20:09:38', '2023-02-11 20:09:38', '', '413', '41', '41');
INSERT INTO `field_language_files` (`pages_id`, `data`, `sort`, `description`, `modified`, `created`, `filedata`, `filesize`, `created_users_id`, `modified_users_id`) VALUES('1023', 'wire--modules--inputfield--inputfieldcheckbox--inputfieldcheckbox-module.json', '96', '[\"\"]', '2023-02-11 20:09:38', '2023-02-11 20:09:38', '', '1721', '41', '41');
INSERT INTO `field_language_files` (`pages_id`, `data`, `sort`, `description`, `modified`, `created`, `filedata`, `filesize`, `created_users_id`, `modified_users_id`) VALUES('1023', 'wire--modules--inputfield--inputfieldcheckboxes--inputfieldcheckboxes-module.json', '97', '[\"\"]', '2023-02-11 20:09:38', '2023-02-11 20:09:38', '', '2154', '41', '41');
INSERT INTO `field_language_files` (`pages_id`, `data`, `sort`, `description`, `modified`, `created`, `filedata`, `filesize`, `created_users_id`, `modified_users_id`) VALUES('1023', 'wire--modules--inputfield--inputfieldckeditor--inputfieldckeditor-module.json', '98', '[\"\"]', '2023-02-11 20:09:38', '2023-02-11 20:09:38', '', '12289', '41', '41');
INSERT INTO `field_language_files` (`pages_id`, `data`, `sort`, `description`, `modified`, `created`, `filedata`, `filesize`, `created_users_id`, `modified_users_id`) VALUES('1023', 'wire--modules--inputfield--inputfielddatetime--inputfielddatetime-module.json', '99', '[\"\"]', '2023-02-11 20:09:38', '2023-02-11 20:09:38', '', '820', '41', '41');
INSERT INTO `field_language_files` (`pages_id`, `data`, `sort`, `description`, `modified`, `created`, `filedata`, `filesize`, `created_users_id`, `modified_users_id`) VALUES('1023', 'wire--modules--inputfield--inputfielddatetime--types--inputfielddatetimehtml-php.json', '100', '[\"\"]', '2023-02-11 20:09:38', '2023-02-11 20:09:38', '', '1349', '41', '41');
INSERT INTO `field_language_files` (`pages_id`, `data`, `sort`, `description`, `modified`, `created`, `filedata`, `filesize`, `created_users_id`, `modified_users_id`) VALUES('1023', 'wire--modules--inputfield--inputfielddatetime--types--inputfielddatetimeselect-php.json', '101', '[\"\"]', '2023-02-11 20:09:38', '2023-02-11 20:09:38', '', '1678', '41', '41');
INSERT INTO `field_language_files` (`pages_id`, `data`, `sort`, `description`, `modified`, `created`, `filedata`, `filesize`, `created_users_id`, `modified_users_id`) VALUES('1023', 'wire--modules--inputfield--inputfielddatetime--types--inputfielddatetimetext-php.json', '102', '[\"\"]', '2023-02-11 20:09:38', '2023-02-11 20:09:38', '', '5168', '41', '41');
INSERT INTO `field_language_files` (`pages_id`, `data`, `sort`, `description`, `modified`, `created`, `filedata`, `filesize`, `created_users_id`, `modified_users_id`) VALUES('1023', 'wire--modules--inputfield--inputfieldemail-module.json', '103', '[\"\"]', '2023-02-11 20:09:38', '2023-02-11 20:09:38', '', '1454', '41', '41');
INSERT INTO `field_language_files` (`pages_id`, `data`, `sort`, `description`, `modified`, `created`, `filedata`, `filesize`, `created_users_id`, `modified_users_id`) VALUES('1023', 'wire--modules--inputfield--inputfieldfieldset-module.json', '104', '[\"\"]', '2023-02-11 20:09:38', '2023-02-11 20:09:38', '', '387', '41', '41');
INSERT INTO `field_language_files` (`pages_id`, `data`, `sort`, `description`, `modified`, `created`, `filedata`, `filesize`, `created_users_id`, `modified_users_id`) VALUES('1023', 'wire--modules--inputfield--inputfieldfile--config-php.json', '105', '[\"\"]', '2023-02-11 20:09:38', '2023-02-11 20:09:38', '', '3053', '41', '41');
INSERT INTO `field_language_files` (`pages_id`, `data`, `sort`, `description`, `modified`, `created`, `filedata`, `filesize`, `created_users_id`, `modified_users_id`) VALUES('1023', 'wire--modules--inputfield--inputfieldfile--inputfieldfile-module.json', '106', '[\"\"]', '2023-02-11 20:09:38', '2023-02-11 20:09:38', '', '2637', '41', '41');
INSERT INTO `field_language_files` (`pages_id`, `data`, `sort`, `description`, `modified`, `created`, `filedata`, `filesize`, `created_users_id`, `modified_users_id`) VALUES('1023', 'wire--modules--inputfield--inputfieldfloat-module.json', '107', '[\"\"]', '2023-02-11 20:09:38', '2023-02-11 20:09:38', '', '515', '41', '41');
INSERT INTO `field_language_files` (`pages_id`, `data`, `sort`, `description`, `modified`, `created`, `filedata`, `filesize`, `created_users_id`, `modified_users_id`) VALUES('1023', 'wire--modules--inputfield--inputfieldform-module.json', '108', '[\"\"]', '2023-02-11 20:09:38', '2023-02-11 20:09:38', '', '501', '41', '41');
INSERT INTO `field_language_files` (`pages_id`, `data`, `sort`, `description`, `modified`, `created`, `filedata`, `filesize`, `created_users_id`, `modified_users_id`) VALUES('1023', 'wire--modules--inputfield--inputfieldhidden-module.json', '109', '[\"\"]', '2023-02-11 20:09:38', '2023-02-11 20:09:38', '', '541', '41', '41');
INSERT INTO `field_language_files` (`pages_id`, `data`, `sort`, `description`, `modified`, `created`, `filedata`, `filesize`, `created_users_id`, `modified_users_id`) VALUES('1023', 'wire--modules--inputfield--inputfieldicon--inputfieldicon-module.json', '110', '[\"\"]', '2023-02-11 20:09:38', '2023-02-11 20:09:38', '', '483', '41', '41');
INSERT INTO `field_language_files` (`pages_id`, `data`, `sort`, `description`, `modified`, `created`, `filedata`, `filesize`, `created_users_id`, `modified_users_id`) VALUES('1023', 'wire--modules--inputfield--inputfieldimage--config-php.json', '111', '[\"\"]', '2023-02-11 20:09:38', '2023-02-11 20:09:38', '', '7080', '41', '41');
INSERT INTO `field_language_files` (`pages_id`, `data`, `sort`, `description`, `modified`, `created`, `filedata`, `filesize`, `created_users_id`, `modified_users_id`) VALUES('1023', 'wire--modules--inputfield--inputfieldimage--inputfieldimage-module.json', '112', '[\"\"]', '2023-02-11 20:09:38', '2023-02-11 20:09:38', '', '4694', '41', '41');
INSERT INTO `field_language_files` (`pages_id`, `data`, `sort`, `description`, `modified`, `created`, `filedata`, `filesize`, `created_users_id`, `modified_users_id`) VALUES('1023', 'wire--modules--inputfield--inputfieldinteger-module.json', '113', '[\"\"]', '2023-02-11 20:09:38', '2023-02-11 20:09:38', '', '2242', '41', '41');
INSERT INTO `field_language_files` (`pages_id`, `data`, `sort`, `description`, `modified`, `created`, `filedata`, `filesize`, `created_users_id`, `modified_users_id`) VALUES('1023', 'wire--modules--inputfield--inputfieldmarkup-module.json', '114', '[\"\"]', '2023-02-11 20:09:38', '2023-02-11 20:09:38', '', '1011', '41', '41');
INSERT INTO `field_language_files` (`pages_id`, `data`, `sort`, `description`, `modified`, `created`, `filedata`, `filesize`, `created_users_id`, `modified_users_id`) VALUES('1023', 'wire--modules--inputfield--inputfieldname-module.json', '115', '[\"\"]', '2023-02-11 20:09:38', '2023-02-11 20:09:38', '', '558', '41', '41');
INSERT INTO `field_language_files` (`pages_id`, `data`, `sort`, `description`, `modified`, `created`, `filedata`, `filesize`, `created_users_id`, `modified_users_id`) VALUES('1023', 'wire--modules--inputfield--inputfieldpage--inputfieldpage-module.json', '116', '[\"\"]', '2023-02-11 20:09:38', '2023-02-11 20:09:38', '', '10268', '41', '41');
INSERT INTO `field_language_files` (`pages_id`, `data`, `sort`, `description`, `modified`, `created`, `filedata`, `filesize`, `created_users_id`, `modified_users_id`) VALUES('1023', 'wire--modules--inputfield--inputfieldpageautocomplete--inputfieldpageautocomplete-module.json', '117', '[\"\"]', '2023-02-11 20:09:38', '2023-02-11 20:09:38', '', '2077', '41', '41');
INSERT INTO `field_language_files` (`pages_id`, `data`, `sort`, `description`, `modified`, `created`, `filedata`, `filesize`, `created_users_id`, `modified_users_id`) VALUES('1023', 'wire--modules--inputfield--inputfieldpagelistselect--inputfieldpagelistselect-module.json', '118', '[\"\"]', '2023-02-11 20:09:38', '2023-02-11 20:09:38', '', '1091', '41', '41');
INSERT INTO `field_language_files` (`pages_id`, `data`, `sort`, `description`, `modified`, `created`, `filedata`, `filesize`, `created_users_id`, `modified_users_id`) VALUES('1023', 'wire--modules--inputfield--inputfieldpagelistselect--inputfieldpagelistselectmultiple-module.json', '119', '[\"\"]', '2023-02-11 20:09:38', '2023-02-11 20:09:38', '', '1387', '41', '41');
INSERT INTO `field_language_files` (`pages_id`, `data`, `sort`, `description`, `modified`, `created`, `filedata`, `filesize`, `created_users_id`, `modified_users_id`) VALUES('1023', 'wire--modules--inputfield--inputfieldpagename--inputfieldpagename-module.json', '120', '[\"\"]', '2023-02-11 20:09:38', '2023-02-11 20:09:38', '', '1343', '41', '41');
INSERT INTO `field_language_files` (`pages_id`, `data`, `sort`, `description`, `modified`, `created`, `filedata`, `filesize`, `created_users_id`, `modified_users_id`) VALUES('1023', 'wire--modules--inputfield--inputfieldpagetable--inputfieldpagetable-module.json', '121', '[\"\"]', '2023-02-11 20:09:38', '2023-02-11 20:09:38', '', '5202', '41', '41');
INSERT INTO `field_language_files` (`pages_id`, `data`, `sort`, `description`, `modified`, `created`, `filedata`, `filesize`, `created_users_id`, `modified_users_id`) VALUES('1023', 'wire--modules--inputfield--inputfieldpagetable--inputfieldpagetableajax-php.json', '122', '[\"\"]', '2023-02-11 20:09:38', '2023-02-11 20:09:38', '', '322', '41', '41');
INSERT INTO `field_language_files` (`pages_id`, `data`, `sort`, `description`, `modified`, `created`, `filedata`, `filesize`, `created_users_id`, `modified_users_id`) VALUES('1023', 'wire--modules--inputfield--inputfieldpagetitle--inputfieldpagetitle-module.json', '123', '[\"\"]', '2023-02-11 20:09:38', '2023-02-11 20:09:38', '', '481', '41', '41');
INSERT INTO `field_language_files` (`pages_id`, `data`, `sort`, `description`, `modified`, `created`, `filedata`, `filesize`, `created_users_id`, `modified_users_id`) VALUES('1023', 'wire--modules--inputfield--inputfieldpassword--inputfieldpassword-module.json', '124', '[\"\"]', '2023-02-11 20:09:38', '2023-02-11 20:09:38', '', '6892', '41', '41');
INSERT INTO `field_language_files` (`pages_id`, `data`, `sort`, `description`, `modified`, `created`, `filedata`, `filesize`, `created_users_id`, `modified_users_id`) VALUES('1023', 'wire--modules--inputfield--inputfieldradios--inputfieldradios-module.json', '125', '[\"\"]', '2023-02-11 20:09:38', '2023-02-11 20:09:38', '', '430', '41', '41');
INSERT INTO `field_language_files` (`pages_id`, `data`, `sort`, `description`, `modified`, `created`, `filedata`, `filesize`, `created_users_id`, `modified_users_id`) VALUES('1023', 'wire--modules--inputfield--inputfieldselect-module.json', '126', '[\"\"]', '2023-02-11 20:09:38', '2023-02-11 20:09:38', '', '3473', '41', '41');
INSERT INTO `field_language_files` (`pages_id`, `data`, `sort`, `description`, `modified`, `created`, `filedata`, `filesize`, `created_users_id`, `modified_users_id`) VALUES('1023', 'wire--modules--inputfield--inputfieldselectmultiple-module.json', '127', '[\"\"]', '2023-02-11 20:09:38', '2023-02-11 20:09:38', '', '516', '41', '41');
INSERT INTO `field_language_files` (`pages_id`, `data`, `sort`, `description`, `modified`, `created`, `filedata`, `filesize`, `created_users_id`, `modified_users_id`) VALUES('1023', 'wire--modules--inputfield--inputfieldselector--inputfieldselector-module.json', '128', '[\"\"]', '2023-02-11 20:09:38', '2023-02-11 20:09:38', '', '6981', '41', '41');
INSERT INTO `field_language_files` (`pages_id`, `data`, `sort`, `description`, `modified`, `created`, `filedata`, `filesize`, `created_users_id`, `modified_users_id`) VALUES('1023', 'wire--modules--inputfield--inputfieldsubmit--inputfieldsubmit-module.json', '129', '[\"\"]', '2023-02-11 20:09:38', '2023-02-11 20:09:38', '', '378', '41', '41');
INSERT INTO `field_language_files` (`pages_id`, `data`, `sort`, `description`, `modified`, `created`, `filedata`, `filesize`, `created_users_id`, `modified_users_id`) VALUES('1023', 'wire--modules--inputfield--inputfieldtext--inputfieldtext-module.json', '130', '[\"\"]', '2023-02-11 20:09:38', '2023-02-11 20:09:38', '', '4723', '41', '41');
INSERT INTO `field_language_files` (`pages_id`, `data`, `sort`, `description`, `modified`, `created`, `filedata`, `filesize`, `created_users_id`, `modified_users_id`) VALUES('1023', 'wire--modules--inputfield--inputfieldtextarea-module.json', '131', '[\"\"]', '2023-02-11 20:09:38', '2023-02-11 20:09:38', '', '757', '41', '41');
INSERT INTO `field_language_files` (`pages_id`, `data`, `sort`, `description`, `modified`, `created`, `filedata`, `filesize`, `created_users_id`, `modified_users_id`) VALUES('1023', 'wire--modules--inputfield--inputfieldtexttags--inputfieldtexttags-module.json', '132', '[\"\"]', '2023-02-11 20:09:38', '2023-02-11 20:09:38', '', '6966', '41', '41');
INSERT INTO `field_language_files` (`pages_id`, `data`, `sort`, `description`, `modified`, `created`, `filedata`, `filesize`, `created_users_id`, `modified_users_id`) VALUES('1023', 'wire--modules--inputfield--inputfieldtoggle--inputfieldtoggle-module.json', '133', '[\"\"]', '2023-02-11 20:09:38', '2023-02-11 20:09:38', '', '3165', '41', '41');
INSERT INTO `field_language_files` (`pages_id`, `data`, `sort`, `description`, `modified`, `created`, `filedata`, `filesize`, `created_users_id`, `modified_users_id`) VALUES('1023', 'wire--modules--inputfield--inputfieldurl-module.json', '134', '[\"\"]', '2023-02-11 20:09:38', '2023-02-11 20:09:38', '', '784', '41', '41');
INSERT INTO `field_language_files` (`pages_id`, `data`, `sort`, `description`, `modified`, `created`, `filedata`, `filesize`, `created_users_id`, `modified_users_id`) VALUES('1023', 'wire--modules--jquery--jqueryui--jqueryui-module.json', '135', '[\"\"]', '2023-02-11 20:09:38', '2023-02-11 20:09:38', '', '326', '41', '41');
INSERT INTO `field_language_files` (`pages_id`, `data`, `sort`, `description`, `modified`, `created`, `filedata`, `filesize`, `created_users_id`, `modified_users_id`) VALUES('1023', 'wire--modules--jquery--jquerywiretabs--jquerywiretabs-module.json', '136', '[\"\"]', '2023-02-11 20:09:38', '2023-02-11 20:09:38', '', '829', '41', '41');
INSERT INTO `field_language_files` (`pages_id`, `data`, `sort`, `description`, `modified`, `created`, `filedata`, `filesize`, `created_users_id`, `modified_users_id`) VALUES('1023', 'wire--modules--languagesupport--languageparser-php.json', '137', '[\"\"]', '2023-02-11 20:09:38', '2023-02-11 20:09:38', '', '948', '41', '41');
INSERT INTO `field_language_files` (`pages_id`, `data`, `sort`, `description`, `modified`, `created`, `filedata`, `filesize`, `created_users_id`, `modified_users_id`) VALUES('1023', 'wire--modules--languagesupport--languagesupport-module.json', '138', '[\"\"]', '2023-02-11 20:09:38', '2023-02-11 20:09:38', '', '821', '41', '41');
INSERT INTO `field_language_files` (`pages_id`, `data`, `sort`, `description`, `modified`, `created`, `filedata`, `filesize`, `created_users_id`, `modified_users_id`) VALUES('1023', 'wire--modules--languagesupport--languagesupportfields-module.json', '139', '[\"\"]', '2023-02-11 20:09:38', '2023-02-11 20:09:38', '', '758', '41', '41');
INSERT INTO `field_language_files` (`pages_id`, `data`, `sort`, `description`, `modified`, `created`, `filedata`, `filesize`, `created_users_id`, `modified_users_id`) VALUES('1023', 'wire--modules--languagesupport--languagesupportinstall-php.json', '140', '[\"\"]', '2023-02-11 20:09:38', '2023-02-11 20:09:38', '', '1674', '41', '41');
INSERT INTO `field_language_files` (`pages_id`, `data`, `sort`, `description`, `modified`, `created`, `filedata`, `filesize`, `created_users_id`, `modified_users_id`) VALUES('1023', 'wire--modules--languagesupport--languagesupportpagenames-module.json', '141', '[\"\"]', '2023-02-11 20:09:38', '2023-02-11 20:09:38', '', '1916', '41', '41');
INSERT INTO `field_language_files` (`pages_id`, `data`, `sort`, `description`, `modified`, `created`, `filedata`, `filesize`, `created_users_id`, `modified_users_id`) VALUES('1023', 'wire--modules--languagesupport--languagetabs-module.json', '142', '[\"\"]', '2023-02-11 20:09:38', '2023-02-11 20:09:38', '', '633', '41', '41');
INSERT INTO `field_language_files` (`pages_id`, `data`, `sort`, `description`, `modified`, `created`, `filedata`, `filesize`, `created_users_id`, `modified_users_id`) VALUES('1023', 'wire--modules--languagesupport--languagetranslator-php.json', '143', '[\"\"]', '2023-02-11 20:09:38', '2023-02-11 20:09:38', '', '3251', '41', '41');
INSERT INTO `field_language_files` (`pages_id`, `data`, `sort`, `description`, `modified`, `created`, `filedata`, `filesize`, `created_users_id`, `modified_users_id`) VALUES('1023', 'wire--modules--languagesupport--processlanguage-module.json', '144', '[\"\"]', '2023-02-11 20:09:38', '2023-02-11 20:09:38', '', '2580', '41', '41');
INSERT INTO `field_language_files` (`pages_id`, `data`, `sort`, `description`, `modified`, `created`, `filedata`, `filesize`, `created_users_id`, `modified_users_id`) VALUES('1023', 'wire--modules--markup--markuppagefields-module.json', '145', '[\"\"]', '2023-02-11 20:09:38', '2023-02-11 20:09:38', '', '301', '41', '41');
INSERT INTO `field_language_files` (`pages_id`, `data`, `sort`, `description`, `modified`, `created`, `filedata`, `filesize`, `created_users_id`, `modified_users_id`) VALUES('1023', 'wire--modules--markup--markuppagernav--markuppagernav-module.json', '146', '[\"\"]', '2023-02-11 20:09:38', '2023-02-11 20:09:38', '', '966', '41', '41');
INSERT INTO `field_language_files` (`pages_id`, `data`, `sort`, `description`, `modified`, `created`, `filedata`, `filesize`, `created_users_id`, `modified_users_id`) VALUES('1023', 'wire--modules--page--pagefrontedit--pagefrontedit-module.json', '147', '[\"\"]', '2023-02-11 20:09:38', '2023-02-11 20:09:38', '', '652', '41', '41');
INSERT INTO `field_language_files` (`pages_id`, `data`, `sort`, `description`, `modified`, `created`, `filedata`, `filesize`, `created_users_id`, `modified_users_id`) VALUES('1023', 'wire--modules--page--pagefrontedit--pagefronteditconfig-php.json', '148', '[\"\"]', '2023-02-11 20:09:38', '2023-02-11 20:09:38', '', '5948', '41', '41');
INSERT INTO `field_language_files` (`pages_id`, `data`, `sort`, `description`, `modified`, `created`, `filedata`, `filesize`, `created_users_id`, `modified_users_id`) VALUES('1023', 'wire--modules--pagepathhistory-module.json', '149', '[\"\"]', '2023-02-11 20:09:38', '2023-02-11 20:09:38', '', '1399', '41', '41');
INSERT INTO `field_language_files` (`pages_id`, `data`, `sort`, `description`, `modified`, `created`, `filedata`, `filesize`, `created_users_id`, `modified_users_id`) VALUES('1023', 'wire--modules--pagepaths-module.json', '150', '[\"\"]', '2023-02-11 20:09:38', '2023-02-11 20:09:38', '', '517', '41', '41');
INSERT INTO `field_language_files` (`pages_id`, `data`, `sort`, `description`, `modified`, `created`, `filedata`, `filesize`, `created_users_id`, `modified_users_id`) VALUES('1023', 'wire--modules--pagerender-module.json', '151', '[\"\"]', '2023-02-11 20:09:38', '2023-02-11 20:09:38', '', '1212', '41', '41');
INSERT INTO `field_language_files` (`pages_id`, `data`, `sort`, `description`, `modified`, `created`, `filedata`, `filesize`, `created_users_id`, `modified_users_id`) VALUES('1023', 'wire--modules--process--processcommentsmanager--processcommentsmanager-module.json', '152', '[\"\"]', '2023-02-11 20:09:38', '2023-02-11 20:09:38', '', '6440', '41', '41');
INSERT INTO `field_language_files` (`pages_id`, `data`, `sort`, `description`, `modified`, `created`, `filedata`, `filesize`, `created_users_id`, `modified_users_id`) VALUES('1023', 'wire--modules--process--processfield--processfield-module.json', '153', '[\"\"]', '2023-02-11 20:09:38', '2023-02-11 20:09:38', '', '29604', '41', '41');
INSERT INTO `field_language_files` (`pages_id`, `data`, `sort`, `description`, `modified`, `created`, `filedata`, `filesize`, `created_users_id`, `modified_users_id`) VALUES('1023', 'wire--modules--process--processfield--processfieldexportimport-php.json', '154', '[\"\"]', '2023-02-11 20:09:38', '2023-02-11 20:09:38', '', '6151', '41', '41');
INSERT INTO `field_language_files` (`pages_id`, `data`, `sort`, `description`, `modified`, `created`, `filedata`, `filesize`, `created_users_id`, `modified_users_id`) VALUES('1023', 'wire--modules--process--processforgotpassword--processforgotpassword-module.json', '155', '[\"\"]', '2023-02-11 20:09:38', '2023-02-11 20:09:38', '', '10586', '41', '41');
INSERT INTO `field_language_files` (`pages_id`, `data`, `sort`, `description`, `modified`, `created`, `filedata`, `filesize`, `created_users_id`, `modified_users_id`) VALUES('1023', 'wire--modules--process--processhome-module.json', '156', '[\"\"]', '2023-02-11 20:09:38', '2023-02-11 20:09:38', '', '431', '41', '41');
INSERT INTO `field_language_files` (`pages_id`, `data`, `sort`, `description`, `modified`, `created`, `filedata`, `filesize`, `created_users_id`, `modified_users_id`) VALUES('1023', 'wire--modules--process--processlist-module.json', '157', '[\"\"]', '2023-02-11 20:09:38', '2023-02-11 20:09:38', '', '667', '41', '41');
INSERT INTO `field_language_files` (`pages_id`, `data`, `sort`, `description`, `modified`, `created`, `filedata`, `filesize`, `created_users_id`, `modified_users_id`) VALUES('1023', 'wire--modules--process--processlogger--processlogger-module.json', '158', '[\"\"]', '2023-02-11 20:09:38', '2023-02-11 20:09:38', '', '4704', '41', '41');
INSERT INTO `field_language_files` (`pages_id`, `data`, `sort`, `description`, `modified`, `created`, `filedata`, `filesize`, `created_users_id`, `modified_users_id`) VALUES('1023', 'wire--modules--process--processlogin--processlogin-module.json', '159', '[\"\"]', '2023-02-11 20:09:38', '2023-02-11 20:09:38', '', '7459', '41', '41');
INSERT INTO `field_language_files` (`pages_id`, `data`, `sort`, `description`, `modified`, `created`, `filedata`, `filesize`, `created_users_id`, `modified_users_id`) VALUES('1023', 'wire--modules--process--processmodule--processmodule-module.json', '160', '[\"\"]', '2023-02-11 20:09:38', '2023-02-11 20:09:38', '', '19602', '41', '41');
INSERT INTO `field_language_files` (`pages_id`, `data`, `sort`, `description`, `modified`, `created`, `filedata`, `filesize`, `created_users_id`, `modified_users_id`) VALUES('1023', 'wire--modules--process--processmodule--processmoduleinstall-php.json', '161', '[\"\"]', '2023-02-11 20:09:38', '2023-02-11 20:09:38', '', '3479', '41', '41');
INSERT INTO `field_language_files` (`pages_id`, `data`, `sort`, `description`, `modified`, `created`, `filedata`, `filesize`, `created_users_id`, `modified_users_id`) VALUES('1023', 'wire--modules--process--processpageadd--processpageadd-module.json', '162', '[\"\"]', '2023-02-11 20:09:38', '2023-02-11 20:09:38', '', '4406', '41', '41');
INSERT INTO `field_language_files` (`pages_id`, `data`, `sort`, `description`, `modified`, `created`, `filedata`, `filesize`, `created_users_id`, `modified_users_id`) VALUES('1023', 'wire--modules--process--processpageclone-module.json', '163', '[\"\"]', '2023-02-11 20:09:38', '2023-02-11 20:09:38', '', '2508', '41', '41');
INSERT INTO `field_language_files` (`pages_id`, `data`, `sort`, `description`, `modified`, `created`, `filedata`, `filesize`, `created_users_id`, `modified_users_id`) VALUES('1023', 'wire--modules--process--processpageedit--pagebookmarks-php.json', '164', '[\"\"]', '2023-02-11 20:09:38', '2023-02-11 20:09:38', '', '1896', '41', '41');
INSERT INTO `field_language_files` (`pages_id`, `data`, `sort`, `description`, `modified`, `created`, `filedata`, `filesize`, `created_users_id`, `modified_users_id`) VALUES('1023', 'wire--modules--process--processpageedit--processpageedit-module.json', '165', '[\"\"]', '2023-02-11 20:09:38', '2023-02-11 20:09:38', '', '15810', '41', '41');
INSERT INTO `field_language_files` (`pages_id`, `data`, `sort`, `description`, `modified`, `created`, `filedata`, `filesize`, `created_users_id`, `modified_users_id`) VALUES('1023', 'wire--modules--process--processpageeditimageselect--processpageeditimageselect-module.json', '166', '[\"\"]', '2023-02-11 20:09:38', '2023-02-11 20:09:38', '', '8606', '41', '41');
INSERT INTO `field_language_files` (`pages_id`, `data`, `sort`, `description`, `modified`, `created`, `filedata`, `filesize`, `created_users_id`, `modified_users_id`) VALUES('1023', 'wire--modules--process--processpageeditlink--processpageeditlink-module.json', '167', '[\"\"]', '2023-02-11 20:09:38', '2023-02-11 20:09:38', '', '5479', '41', '41');
INSERT INTO `field_language_files` (`pages_id`, `data`, `sort`, `description`, `modified`, `created`, `filedata`, `filesize`, `created_users_id`, `modified_users_id`) VALUES('1023', 'wire--modules--process--processpagelist--processpagelist-module.json', '168', '[\"\"]', '2023-02-11 20:09:38', '2023-02-11 20:09:38', '', '5546', '41', '41');
INSERT INTO `field_language_files` (`pages_id`, `data`, `sort`, `description`, `modified`, `created`, `filedata`, `filesize`, `created_users_id`, `modified_users_id`) VALUES('1023', 'wire--modules--process--processpagelist--processpagelistactions-php.json', '169', '[\"\"]', '2023-02-11 20:09:38', '2023-02-11 20:09:38', '', '1215', '41', '41');
INSERT INTO `field_language_files` (`pages_id`, `data`, `sort`, `description`, `modified`, `created`, `filedata`, `filesize`, `created_users_id`, `modified_users_id`) VALUES('1023', 'wire--modules--process--processpagelist--processpagelistrender-php.json', '170', '[\"\"]', '2023-02-11 20:09:38', '2023-02-11 20:09:38', '', '1394', '41', '41');
INSERT INTO `field_language_files` (`pages_id`, `data`, `sort`, `description`, `modified`, `created`, `filedata`, `filesize`, `created_users_id`, `modified_users_id`) VALUES('1023', 'wire--modules--process--processpagelist--processpagelistrenderjson-php.json', '171', '[\"\"]', '2023-02-11 20:09:38', '2023-02-11 20:09:38', '', '536', '41', '41');
INSERT INTO `field_language_files` (`pages_id`, `data`, `sort`, `description`, `modified`, `created`, `filedata`, `filesize`, `created_users_id`, `modified_users_id`) VALUES('1023', 'wire--modules--process--processpagelister--processpagelister-module.json', '172', '[\"\"]', '2023-02-11 20:09:38', '2023-02-11 20:09:38', '', '4317', '41', '41');
INSERT INTO `field_language_files` (`pages_id`, `data`, `sort`, `description`, `modified`, `created`, `filedata`, `filesize`, `created_users_id`, `modified_users_id`) VALUES('1023', 'wire--modules--process--processpagelister--processpagelisterbookmarks-php.json', '173', '[\"\"]', '2023-02-11 20:09:38', '2023-02-11 20:09:38', '', '3914', '41', '41');
INSERT INTO `field_language_files` (`pages_id`, `data`, `sort`, `description`, `modified`, `created`, `filedata`, `filesize`, `created_users_id`, `modified_users_id`) VALUES('1023', 'wire--modules--process--processpagesearch--processpagesearch-module.json', '174', '[\"\"]', '2023-02-11 20:09:38', '2023-02-11 20:09:38', '', '5350', '41', '41');
INSERT INTO `field_language_files` (`pages_id`, `data`, `sort`, `description`, `modified`, `created`, `filedata`, `filesize`, `created_users_id`, `modified_users_id`) VALUES('1023', 'wire--modules--process--processpagesearch--processpagesearchlive-php.json', '175', '[\"\"]', '2023-02-11 20:09:38', '2023-02-11 20:09:38', '', '3055', '41', '41');
INSERT INTO `field_language_files` (`pages_id`, `data`, `sort`, `description`, `modified`, `created`, `filedata`, `filesize`, `created_users_id`, `modified_users_id`) VALUES('1023', 'wire--modules--process--processpagesexportimport--processpagesexportimport-module.json', '176', '[\"\"]', '2023-02-11 20:09:38', '2023-02-11 20:09:38', '', '12565', '41', '41');
INSERT INTO `field_language_files` (`pages_id`, `data`, `sort`, `description`, `modified`, `created`, `filedata`, `filesize`, `created_users_id`, `modified_users_id`) VALUES('1023', 'wire--modules--process--processpagesort-module.json', '177', '[\"\"]', '2023-02-11 20:09:38', '2023-02-11 20:09:38', '', '1154', '41', '41');
INSERT INTO `field_language_files` (`pages_id`, `data`, `sort`, `description`, `modified`, `created`, `filedata`, `filesize`, `created_users_id`, `modified_users_id`) VALUES('1023', 'wire--modules--process--processpagetrash-module.json', '178', '[\"\"]', '2023-02-11 20:09:38', '2023-02-11 20:09:38', '', '2067', '41', '41');
INSERT INTO `field_language_files` (`pages_id`, `data`, `sort`, `description`, `modified`, `created`, `filedata`, `filesize`, `created_users_id`, `modified_users_id`) VALUES('1023', 'wire--modules--process--processpagetype--processpagetype-module.json', '179', '[\"\"]', '2023-02-11 20:09:38', '2023-02-11 20:09:38', '', '1070', '41', '41');
INSERT INTO `field_language_files` (`pages_id`, `data`, `sort`, `description`, `modified`, `created`, `filedata`, `filesize`, `created_users_id`, `modified_users_id`) VALUES('1023', 'wire--modules--process--processpageview-module.json', '180', '[\"\"]', '2023-02-11 20:09:38', '2023-02-11 20:09:38', '', '390', '41', '41');
INSERT INTO `field_language_files` (`pages_id`, `data`, `sort`, `description`, `modified`, `created`, `filedata`, `filesize`, `created_users_id`, `modified_users_id`) VALUES('1023', 'wire--modules--process--processpermission--processpermission-module.json', '181', '[\"\"]', '2023-02-11 20:09:38', '2023-02-11 20:09:38', '', '1651', '41', '41');
INSERT INTO `field_language_files` (`pages_id`, `data`, `sort`, `description`, `modified`, `created`, `filedata`, `filesize`, `created_users_id`, `modified_users_id`) VALUES('1023', 'wire--modules--process--processprofile--processprofile-module.json', '182', '[\"\"]', '2023-02-11 20:09:38', '2023-02-11 20:09:38', '', '2834', '41', '41');
INSERT INTO `field_language_files` (`pages_id`, `data`, `sort`, `description`, `modified`, `created`, `filedata`, `filesize`, `created_users_id`, `modified_users_id`) VALUES('1023', 'wire--modules--process--processrecentpages--processrecentpages-module.json', '183', '[\"\"]', '2023-02-11 20:09:38', '2023-02-11 20:09:38', '', '2224', '41', '41');
INSERT INTO `field_language_files` (`pages_id`, `data`, `sort`, `description`, `modified`, `created`, `filedata`, `filesize`, `created_users_id`, `modified_users_id`) VALUES('1023', 'wire--modules--process--processrole--processrole-module.json', '184', '[\"\"]', '2023-02-11 20:09:38', '2023-02-11 20:09:38', '', '6004', '41', '41');
INSERT INTO `field_language_files` (`pages_id`, `data`, `sort`, `description`, `modified`, `created`, `filedata`, `filesize`, `created_users_id`, `modified_users_id`) VALUES('1023', 'wire--modules--process--processtemplate--processtemplate-module.json', '185', '[\"\"]', '2023-02-11 20:09:38', '2023-02-11 20:09:38', '', '57707', '41', '41');
INSERT INTO `field_language_files` (`pages_id`, `data`, `sort`, `description`, `modified`, `created`, `filedata`, `filesize`, `created_users_id`, `modified_users_id`) VALUES('1023', 'wire--modules--process--processtemplate--processtemplateexportimport-php.json', '186', '[\"\"]', '2023-02-11 20:09:38', '2023-02-11 20:09:38', '', '6090', '41', '41');
INSERT INTO `field_language_files` (`pages_id`, `data`, `sort`, `description`, `modified`, `created`, `filedata`, `filesize`, `created_users_id`, `modified_users_id`) VALUES('1023', 'wire--modules--process--processuser--processuser-module.json', '187', '[\"\"]', '2023-02-11 20:09:38', '2023-02-11 20:09:38', '', '1855', '41', '41');
INSERT INTO `field_language_files` (`pages_id`, `data`, `sort`, `description`, `modified`, `created`, `filedata`, `filesize`, `created_users_id`, `modified_users_id`) VALUES('1023', 'wire--modules--process--processuser--processuserconfig-php.json', '188', '[\"\"]', '2023-02-11 20:09:38', '2023-02-11 20:09:38', '', '715', '41', '41');
INSERT INTO `field_language_files` (`pages_id`, `data`, `sort`, `description`, `modified`, `created`, `filedata`, `filesize`, `created_users_id`, `modified_users_id`) VALUES('1023', 'wire--modules--session--sessionhandlerdb--processsessiondb-module.json', '189', '[\"\"]', '2023-02-11 20:09:38', '2023-02-11 20:09:38', '', '1580', '41', '41');
INSERT INTO `field_language_files` (`pages_id`, `data`, `sort`, `description`, `modified`, `created`, `filedata`, `filesize`, `created_users_id`, `modified_users_id`) VALUES('1023', 'wire--modules--session--sessionhandlerdb--sessionhandlerdb-module.json', '190', '[\"\"]', '2023-02-11 20:09:38', '2023-02-11 20:09:38', '', '1994', '41', '41');
INSERT INTO `field_language_files` (`pages_id`, `data`, `sort`, `description`, `modified`, `created`, `filedata`, `filesize`, `created_users_id`, `modified_users_id`) VALUES('1023', 'wire--modules--session--sessionloginthrottle--sessionloginthrottle-module.json', '191', '[\"\"]', '2023-02-11 20:09:38', '2023-02-11 20:09:38', '', '2131', '41', '41');
INSERT INTO `field_language_files` (`pages_id`, `data`, `sort`, `description`, `modified`, `created`, `filedata`, `filesize`, `created_users_id`, `modified_users_id`) VALUES('1023', 'wire--modules--system--systemnotifications--systemnotifications-module.json', '192', '[\"\"]', '2023-02-11 20:09:38', '2023-02-11 20:09:38', '', '2548', '41', '41');
INSERT INTO `field_language_files` (`pages_id`, `data`, `sort`, `description`, `modified`, `created`, `filedata`, `filesize`, `created_users_id`, `modified_users_id`) VALUES('1023', 'wire--modules--system--systemnotifications--systemnotificationsconfig-php.json', '193', '[\"\"]', '2023-02-11 20:09:38', '2023-02-11 20:09:38', '', '5744', '41', '41');
INSERT INTO `field_language_files` (`pages_id`, `data`, `sort`, `description`, `modified`, `created`, `filedata`, `filesize`, `created_users_id`, `modified_users_id`) VALUES('1023', 'wire--modules--system--systemupdater--systemupdater-module.json', '194', '[\"\"]', '2023-02-11 20:09:38', '2023-02-11 20:09:38', '', '997', '41', '41');
INSERT INTO `field_language_files` (`pages_id`, `data`, `sort`, `description`, `modified`, `created`, `filedata`, `filesize`, `created_users_id`, `modified_users_id`) VALUES('1023', 'wire--modules--system--systemupdater--systemupdaterchecks-php.json', '195', '[\"\"]', '2023-02-11 20:09:38', '2023-02-11 20:09:38', '', '4522', '41', '41');
INSERT INTO `field_language_files` (`pages_id`, `data`, `sort`, `description`, `modified`, `created`, `filedata`, `filesize`, `created_users_id`, `modified_users_id`) VALUES('1023', 'wire--modules--textformatter--textformatterentities-module.json', '196', '[\"\"]', '2023-02-11 20:09:38', '2023-02-11 20:09:38', '', '694', '41', '41');
INSERT INTO `field_language_files` (`pages_id`, `data`, `sort`, `description`, `modified`, `created`, `filedata`, `filesize`, `created_users_id`, `modified_users_id`) VALUES('1023', 'wire--modules--textformatter--textformattermarkdownextra--parsedown--parsedown-php.json', '197', '[\"\"]', '2023-02-11 20:09:38', '2023-02-11 20:09:38', '', '228', '41', '41');
INSERT INTO `field_language_files` (`pages_id`, `data`, `sort`, `description`, `modified`, `created`, `filedata`, `filesize`, `created_users_id`, `modified_users_id`) VALUES('1023', 'wire--modules--textformatter--textformattermarkdownextra--textformattermarkdownextra-module.json', '198', '[\"\"]', '2023-02-11 20:09:38', '2023-02-11 20:09:38', '', '1040', '41', '41');
INSERT INTO `field_language_files` (`pages_id`, `data`, `sort`, `description`, `modified`, `created`, `filedata`, `filesize`, `created_users_id`, `modified_users_id`) VALUES('1023', 'wire--modules--textformatter--textformattersmartypants--textformattersmartypants-module.json', '199', '[\"\"]', '2023-02-11 20:09:38', '2023-02-11 20:09:38', '', '1314', '41', '41');
INSERT INTO `field_language_files` (`pages_id`, `data`, `sort`, `description`, `modified`, `created`, `filedata`, `filesize`, `created_users_id`, `modified_users_id`) VALUES('1023', 'wire--templates-admin--debug-inc.json', '200', '[\"\"]', '2023-02-11 20:09:38', '2023-02-11 20:09:38', '', '1964', '41', '41');
INSERT INTO `field_language_files` (`pages_id`, `data`, `sort`, `description`, `modified`, `created`, `filedata`, `filesize`, `created_users_id`, `modified_users_id`) VALUES('1023', 'wire--templates-admin--default-php.json', '201', '[\"\"]', '2023-02-11 20:09:38', '2023-02-11 20:09:38', '', '2354', '41', '41');
INSERT INTO `field_language_files` (`pages_id`, `data`, `sort`, `description`, `modified`, `created`, `filedata`, `filesize`, `created_users_id`, `modified_users_id`) VALUES('1023', 'wire--templates-admin--topnav-inc.json', '202', '[\"\"]', '2023-02-11 20:09:38', '2023-02-11 20:09:38', '', '130', '41', '41');
INSERT INTO `field_language_files` (`pages_id`, `data`, `sort`, `description`, `modified`, `created`, `filedata`, `filesize`, `created_users_id`, `modified_users_id`) VALUES('1025', 'wire--modules--languagesupport--languagesupport-module.json', '0', '[\"\"]', '2023-02-15 11:12:08', '2023-02-15 11:12:08', '', '172', '41', '41');

DROP TABLE IF EXISTS `field_language_files_site`;
CREATE TABLE `field_language_files_site` (
  `pages_id` int(10) unsigned NOT NULL,
  `data` varchar(191) NOT NULL,
  `sort` int(10) unsigned NOT NULL,
  `description` text NOT NULL,
  `modified` datetime DEFAULT NULL,
  `created` datetime DEFAULT NULL,
  `filedata` mediumtext,
  `filesize` int(11) DEFAULT NULL,
  `created_users_id` int(10) unsigned NOT NULL DEFAULT '0',
  `modified_users_id` int(10) unsigned NOT NULL DEFAULT '0',
  PRIMARY KEY (`pages_id`,`sort`),
  KEY `data` (`data`),
  KEY `modified` (`modified`),
  KEY `created` (`created`),
  KEY `filesize` (`filesize`),
  FULLTEXT KEY `description` (`description`),
  FULLTEXT KEY `filedata` (`filedata`)
) ENGINE=InnoDB DEFAULT CHARSET=utf8mb4;


DROP TABLE IF EXISTS `field_meta_description`;
CREATE TABLE `field_meta_description` (
  `pages_id` int(10) unsigned NOT NULL,
  `data` text NOT NULL,
  PRIMARY KEY (`pages_id`),
  KEY `data_exact` (`data`(191)),
  FULLTEXT KEY `data` (`data`)
) ENGINE=InnoDB DEFAULT CHARSET=utf8mb4;

INSERT INTO `field_meta_description` (`pages_id`, `data`) VALUES('1', '');
INSERT INTO `field_meta_description` (`pages_id`, `data`) VALUES('1020', '');

DROP TABLE IF EXISTS `field_pass`;
CREATE TABLE `field_pass` (
  `pages_id` int(10) unsigned NOT NULL,
  `data` char(40) NOT NULL,
  `salt` char(32) NOT NULL,
  PRIMARY KEY (`pages_id`),
  KEY `data` (`data`)
) ENGINE=InnoDB DEFAULT CHARSET=ascii;

INSERT INTO `field_pass` (`pages_id`, `data`, `salt`) VALUES('40', '', '');
INSERT INTO `field_pass` (`pages_id`, `data`, `salt`) VALUES('41', 'XjKXMCjZ75mWMj5kWRPECoQfGrQUj/2', '$2y$11$9R9r79FcbSksSD8LkE/zI.');

DROP TABLE IF EXISTS `field_permissions`;
CREATE TABLE `field_permissions` (
  `pages_id` int(10) unsigned NOT NULL,
  `data` int(11) NOT NULL,
  `sort` int(10) unsigned NOT NULL,
  PRIMARY KEY (`pages_id`,`sort`),
  KEY `data` (`data`,`pages_id`,`sort`)
) ENGINE=InnoDB DEFAULT CHARSET=utf8mb4;

INSERT INTO `field_permissions` (`pages_id`, `data`, `sort`) VALUES('38', '32', '1');
INSERT INTO `field_permissions` (`pages_id`, `data`, `sort`) VALUES('38', '34', '2');
INSERT INTO `field_permissions` (`pages_id`, `data`, `sort`) VALUES('38', '35', '3');
INSERT INTO `field_permissions` (`pages_id`, `data`, `sort`) VALUES('37', '36', '0');
INSERT INTO `field_permissions` (`pages_id`, `data`, `sort`) VALUES('38', '36', '0');
INSERT INTO `field_permissions` (`pages_id`, `data`, `sort`) VALUES('38', '50', '4');
INSERT INTO `field_permissions` (`pages_id`, `data`, `sort`) VALUES('38', '51', '5');
INSERT INTO `field_permissions` (`pages_id`, `data`, `sort`) VALUES('38', '52', '7');
INSERT INTO `field_permissions` (`pages_id`, `data`, `sort`) VALUES('38', '53', '8');
INSERT INTO `field_permissions` (`pages_id`, `data`, `sort`) VALUES('38', '54', '6');

DROP TABLE IF EXISTS `field_process`;
CREATE TABLE `field_process` (
  `pages_id` int(11) NOT NULL DEFAULT '0',
  `data` int(11) NOT NULL DEFAULT '0',
  PRIMARY KEY (`pages_id`),
  KEY `data` (`data`)
) ENGINE=InnoDB DEFAULT CHARSET=utf8mb4;

INSERT INTO `field_process` (`pages_id`, `data`) VALUES('10', '7');
INSERT INTO `field_process` (`pages_id`, `data`) VALUES('23', '10');
INSERT INTO `field_process` (`pages_id`, `data`) VALUES('3', '12');
INSERT INTO `field_process` (`pages_id`, `data`) VALUES('8', '12');
INSERT INTO `field_process` (`pages_id`, `data`) VALUES('9', '14');
INSERT INTO `field_process` (`pages_id`, `data`) VALUES('6', '17');
INSERT INTO `field_process` (`pages_id`, `data`) VALUES('11', '47');
INSERT INTO `field_process` (`pages_id`, `data`) VALUES('16', '48');
INSERT INTO `field_process` (`pages_id`, `data`) VALUES('21', '50');
INSERT INTO `field_process` (`pages_id`, `data`) VALUES('29', '66');
INSERT INTO `field_process` (`pages_id`, `data`) VALUES('30', '68');
INSERT INTO `field_process` (`pages_id`, `data`) VALUES('22', '76');
INSERT INTO `field_process` (`pages_id`, `data`) VALUES('28', '76');
INSERT INTO `field_process` (`pages_id`, `data`) VALUES('2', '87');
INSERT INTO `field_process` (`pages_id`, `data`) VALUES('300', '104');
INSERT INTO `field_process` (`pages_id`, `data`) VALUES('301', '109');
INSERT INTO `field_process` (`pages_id`, `data`) VALUES('302', '121');
INSERT INTO `field_process` (`pages_id`, `data`) VALUES('303', '129');
INSERT INTO `field_process` (`pages_id`, `data`) VALUES('31', '136');
INSERT INTO `field_process` (`pages_id`, `data`) VALUES('304', '138');
INSERT INTO `field_process` (`pages_id`, `data`) VALUES('1007', '150');
INSERT INTO `field_process` (`pages_id`, `data`) VALUES('1010', '159');
INSERT INTO `field_process` (`pages_id`, `data`) VALUES('1012', '161');
INSERT INTO `field_process` (`pages_id`, `data`) VALUES('1015', '163');
INSERT INTO `field_process` (`pages_id`, `data`) VALUES('1017', '165');
INSERT INTO `field_process` (`pages_id`, `data`) VALUES('1019', '166');
INSERT INTO `field_process` (`pages_id`, `data`) VALUES('1022', '172');
INSERT INTO `field_process` (`pages_id`, `data`) VALUES('1024', '173');
INSERT INTO `field_process` (`pages_id`, `data`) VALUES('1038', '213');

DROP TABLE IF EXISTS `field_publication_date`;
CREATE TABLE `field_publication_date` (
  `pages_id` int(10) unsigned NOT NULL,
  `data` datetime NOT NULL,
  PRIMARY KEY (`pages_id`),
  KEY `data` (`data`)
) ENGINE=InnoDB DEFAULT CHARSET=utf8mb4;


DROP TABLE IF EXISTS `field_repeater_matrix_type`;
CREATE TABLE `field_repeater_matrix_type` (
  `pages_id` int(10) unsigned NOT NULL,
  `data` int(11) NOT NULL,
  PRIMARY KEY (`pages_id`),
  KEY `data` (`data`)
) ENGINE=InnoDB DEFAULT CHARSET=utf8mb4;

INSERT INTO `field_repeater_matrix_type` (`pages_id`, `data`) VALUES('1035', '1');
INSERT INTO `field_repeater_matrix_type` (`pages_id`, `data`) VALUES('1036', '2');

DROP TABLE IF EXISTS `field_roles`;
CREATE TABLE `field_roles` (
  `pages_id` int(10) unsigned NOT NULL,
  `data` int(11) NOT NULL,
  `sort` int(10) unsigned NOT NULL,
  PRIMARY KEY (`pages_id`,`sort`),
  KEY `data` (`data`,`pages_id`,`sort`)
) ENGINE=InnoDB DEFAULT CHARSET=utf8mb4;

INSERT INTO `field_roles` (`pages_id`, `data`, `sort`) VALUES('40', '37', '0');
INSERT INTO `field_roles` (`pages_id`, `data`, `sort`) VALUES('41', '37', '0');
INSERT INTO `field_roles` (`pages_id`, `data`, `sort`) VALUES('41', '38', '2');

DROP TABLE IF EXISTS `field_text`;
CREATE TABLE `field_text` (
  `pages_id` int(10) unsigned NOT NULL,
  `data` mediumtext NOT NULL,
  PRIMARY KEY (`pages_id`),
  KEY `data_exact` (`data`(191)),
  FULLTEXT KEY `data` (`data`)
) ENGINE=InnoDB DEFAULT CHARSET=utf8mb4;

INSERT INTO `field_text` (`pages_id`, `data`) VALUES('27', '<p>Die gesuchte Seite wurde nicht gefunden.<br />Zurück zur <a	data-pwid=1	href=\"/\">Startseite</a>.</p>');
INSERT INTO `field_text` (`pages_id`, `data`) VALUES('1020', '<p>Hello World!</p>');

DROP TABLE IF EXISTS `field_title`;
CREATE TABLE `field_title` (
  `pages_id` int(10) unsigned NOT NULL,
  `data` text NOT NULL,
  PRIMARY KEY (`pages_id`),
  KEY `data_exact` (`data`(191)),
  FULLTEXT KEY `data` (`data`)
) ENGINE=InnoDB DEFAULT CHARSET=utf8mb4;

INSERT INTO `field_title` (`pages_id`, `data`) VALUES('1', 'Home');
INSERT INTO `field_title` (`pages_id`, `data`) VALUES('2', 'Admin');
INSERT INTO `field_title` (`pages_id`, `data`) VALUES('3', 'Pages');
INSERT INTO `field_title` (`pages_id`, `data`) VALUES('6', 'Add Page');
INSERT INTO `field_title` (`pages_id`, `data`) VALUES('7', 'Trash');
INSERT INTO `field_title` (`pages_id`, `data`) VALUES('8', 'Tree');
INSERT INTO `field_title` (`pages_id`, `data`) VALUES('9', 'Save Sort');
INSERT INTO `field_title` (`pages_id`, `data`) VALUES('10', 'Edit');
INSERT INTO `field_title` (`pages_id`, `data`) VALUES('11', 'Templates');
INSERT INTO `field_title` (`pages_id`, `data`) VALUES('16', 'Fields');
INSERT INTO `field_title` (`pages_id`, `data`) VALUES('21', 'Modules');
INSERT INTO `field_title` (`pages_id`, `data`) VALUES('22', 'Setup');
INSERT INTO `field_title` (`pages_id`, `data`) VALUES('23', 'Login');
INSERT INTO `field_title` (`pages_id`, `data`) VALUES('27', 'Seite nicht gefunden');
INSERT INTO `field_title` (`pages_id`, `data`) VALUES('28', 'Access');
INSERT INTO `field_title` (`pages_id`, `data`) VALUES('29', 'Users');
INSERT INTO `field_title` (`pages_id`, `data`) VALUES('30', 'Roles');
INSERT INTO `field_title` (`pages_id`, `data`) VALUES('31', 'Permissions');
INSERT INTO `field_title` (`pages_id`, `data`) VALUES('32', 'Edit pages');
INSERT INTO `field_title` (`pages_id`, `data`) VALUES('34', 'Delete pages');
INSERT INTO `field_title` (`pages_id`, `data`) VALUES('35', 'Move pages (change parent)');
INSERT INTO `field_title` (`pages_id`, `data`) VALUES('36', 'View pages');
INSERT INTO `field_title` (`pages_id`, `data`) VALUES('50', 'Sort child pages');
INSERT INTO `field_title` (`pages_id`, `data`) VALUES('51', 'Change templates on pages');
INSERT INTO `field_title` (`pages_id`, `data`) VALUES('52', 'Administer users');
INSERT INTO `field_title` (`pages_id`, `data`) VALUES('53', 'User can update profile/password');
INSERT INTO `field_title` (`pages_id`, `data`) VALUES('54', 'Lock or unlock a page');
INSERT INTO `field_title` (`pages_id`, `data`) VALUES('300', 'Search');
INSERT INTO `field_title` (`pages_id`, `data`) VALUES('301', 'Empty Trash');
INSERT INTO `field_title` (`pages_id`, `data`) VALUES('302', 'Insert Link');
INSERT INTO `field_title` (`pages_id`, `data`) VALUES('303', 'Insert Image');
INSERT INTO `field_title` (`pages_id`, `data`) VALUES('304', 'Profile');
INSERT INTO `field_title` (`pages_id`, `data`) VALUES('1006', 'Use Page Lister');
INSERT INTO `field_title` (`pages_id`, `data`) VALUES('1007', 'Find');
INSERT INTO `field_title` (`pages_id`, `data`) VALUES('1010', 'Recent');
INSERT INTO `field_title` (`pages_id`, `data`) VALUES('1011', 'Can see recently edited pages');
INSERT INTO `field_title` (`pages_id`, `data`) VALUES('1012', 'Logs');
INSERT INTO `field_title` (`pages_id`, `data`) VALUES('1013', 'Can view system logs');
INSERT INTO `field_title` (`pages_id`, `data`) VALUES('1014', 'Can manage system logs');
INSERT INTO `field_title` (`pages_id`, `data`) VALUES('1015', 'AppApi');
INSERT INTO `field_title` (`pages_id`, `data`) VALUES('1017', 'DB Backups');
INSERT INTO `field_title` (`pages_id`, `data`) VALUES('1018', 'Manage database backups (recommended for superuser only)');
INSERT INTO `field_title` (`pages_id`, `data`) VALUES('1019', 'Export Site Profile');
INSERT INTO `field_title` (`pages_id`, `data`) VALUES('1020', 'Hello World');
INSERT INTO `field_title` (`pages_id`, `data`) VALUES('1021', 'Administer languages and static translation files');
INSERT INTO `field_title` (`pages_id`, `data`) VALUES('1022', 'Languages');
INSERT INTO `field_title` (`pages_id`, `data`) VALUES('1023', 'German');
INSERT INTO `field_title` (`pages_id`, `data`) VALUES('1024', 'Language Translator');
INSERT INTO `field_title` (`pages_id`, `data`) VALUES('1025', 'English');
INSERT INTO `field_title` (`pages_id`, `data`) VALUES('1028', 'Repeaters');
INSERT INTO `field_title` (`pages_id`, `data`) VALUES('1029', 'content');
INSERT INTO `field_title` (`pages_id`, `data`) VALUES('1033', 'hello-world-too');
INSERT INTO `field_title` (`pages_id`, `data`) VALUES('1034', 'hello-world');
INSERT INTO `field_title` (`pages_id`, `data`) VALUES('1038', 'AppApi');
INSERT INTO `field_title` (`pages_id`, `data`) VALUES('1039', 'Manage AppApi settings');

DROP TABLE IF EXISTS `fieldgroups`;
CREATE TABLE `fieldgroups` (
  `id` int(10) unsigned NOT NULL AUTO_INCREMENT,
  `name` varchar(191) CHARACTER SET ascii NOT NULL,
  PRIMARY KEY (`id`),
  UNIQUE KEY `name` (`name`)
) ENGINE=InnoDB AUTO_INCREMENT=100 DEFAULT CHARSET=utf8mb4;

INSERT INTO `fieldgroups` (`id`, `name`) VALUES('2', 'admin');
INSERT INTO `fieldgroups` (`id`, `name`) VALUES('83', 'basic-page');
INSERT INTO `fieldgroups` (`id`, `name`) VALUES('1', 'home');
INSERT INTO `fieldgroups` (`id`, `name`) VALUES('97', 'http-status');
INSERT INTO `fieldgroups` (`id`, `name`) VALUES('98', 'language');
INSERT INTO `fieldgroups` (`id`, `name`) VALUES('5', 'permission');
INSERT INTO `fieldgroups` (`id`, `name`) VALUES('99', 'repeater_content');
INSERT INTO `fieldgroups` (`id`, `name`) VALUES('4', 'role');
INSERT INTO `fieldgroups` (`id`, `name`) VALUES('3', 'user');

DROP TABLE IF EXISTS `fieldgroups_fields`;
CREATE TABLE `fieldgroups_fields` (
  `fieldgroups_id` int(10) unsigned NOT NULL DEFAULT '0',
  `fields_id` int(10) unsigned NOT NULL DEFAULT '0',
  `sort` int(11) unsigned NOT NULL DEFAULT '0',
  `data` text,
  PRIMARY KEY (`fieldgroups_id`,`fields_id`)
) ENGINE=InnoDB DEFAULT CHARSET=utf8mb4;

INSERT INTO `fieldgroups_fields` (`fieldgroups_id`, `fields_id`, `sort`, `data`) VALUES('1', '1', '0', NULL);
INSERT INTO `fieldgroups_fields` (`fieldgroups_id`, `fields_id`, `sort`, `data`) VALUES('1', '99', '1', NULL);
INSERT INTO `fieldgroups_fields` (`fieldgroups_id`, `fields_id`, `sort`, `data`) VALUES('2', '1', '0', NULL);
INSERT INTO `fieldgroups_fields` (`fieldgroups_id`, `fields_id`, `sort`, `data`) VALUES('2', '2', '1', NULL);
INSERT INTO `fieldgroups_fields` (`fieldgroups_id`, `fields_id`, `sort`, `data`) VALUES('3', '3', '0', NULL);
INSERT INTO `fieldgroups_fields` (`fieldgroups_id`, `fields_id`, `sort`, `data`) VALUES('3', '4', '2', NULL);
INSERT INTO `fieldgroups_fields` (`fieldgroups_id`, `fields_id`, `sort`, `data`) VALUES('3', '92', '1', NULL);
INSERT INTO `fieldgroups_fields` (`fieldgroups_id`, `fields_id`, `sort`, `data`) VALUES('3', '97', '3', NULL);
INSERT INTO `fieldgroups_fields` (`fieldgroups_id`, `fields_id`, `sort`, `data`) VALUES('3', '102', '4', NULL);
INSERT INTO `fieldgroups_fields` (`fieldgroups_id`, `fields_id`, `sort`, `data`) VALUES('4', '5', '0', NULL);
INSERT INTO `fieldgroups_fields` (`fieldgroups_id`, `fields_id`, `sort`, `data`) VALUES('5', '1', '0', NULL);
INSERT INTO `fieldgroups_fields` (`fieldgroups_id`, `fields_id`, `sort`, `data`) VALUES('83', '1', '0', NULL);
INSERT INTO `fieldgroups_fields` (`fieldgroups_id`, `fields_id`, `sort`, `data`) VALUES('83', '98', '1', NULL);
INSERT INTO `fieldgroups_fields` (`fieldgroups_id`, `fields_id`, `sort`, `data`) VALUES('83', '99', '2', NULL);
INSERT INTO `fieldgroups_fields` (`fieldgroups_id`, `fields_id`, `sort`, `data`) VALUES('97', '1', '0', NULL);
INSERT INTO `fieldgroups_fields` (`fieldgroups_id`, `fields_id`, `sort`, `data`) VALUES('97', '98', '1', NULL);
INSERT INTO `fieldgroups_fields` (`fieldgroups_id`, `fields_id`, `sort`, `data`) VALUES('98', '1', '0', NULL);
INSERT INTO `fieldgroups_fields` (`fieldgroups_id`, `fields_id`, `sort`, `data`) VALUES('98', '100', '1', NULL);
INSERT INTO `fieldgroups_fields` (`fieldgroups_id`, `fields_id`, `sort`, `data`) VALUES('98', '101', '2', NULL);
INSERT INTO `fieldgroups_fields` (`fieldgroups_id`, `fields_id`, `sort`, `data`) VALUES('99', '98', '1', NULL);
INSERT INTO `fieldgroups_fields` (`fieldgroups_id`, `fields_id`, `sort`, `data`) VALUES('99', '103', '2', NULL);
INSERT INTO `fieldgroups_fields` (`fieldgroups_id`, `fields_id`, `sort`, `data`) VALUES('99', '105', '0', NULL);

DROP TABLE IF EXISTS `fields`;
CREATE TABLE `fields` (
  `id` int(10) unsigned NOT NULL AUTO_INCREMENT,
  `type` varchar(128) CHARACTER SET ascii NOT NULL,
  `name` varchar(191) CHARACTER SET ascii NOT NULL,
  `flags` int(11) NOT NULL DEFAULT '0',
  `label` varchar(191) NOT NULL DEFAULT '',
  `data` text NOT NULL,
  PRIMARY KEY (`id`),
  UNIQUE KEY `name` (`name`),
  KEY `type` (`type`)
) ENGINE=InnoDB AUTO_INCREMENT=108 DEFAULT CHARSET=utf8mb4;

INSERT INTO `fields` (`id`, `type`, `name`, `flags`, `label`, `data`) VALUES('1', 'FieldtypePageTitle', 'title', '13', 'Titel', '{\"required\":1,\"size\":0,\"maxlength\":255,\"minlength\":0,\"showCount\":0,\"textformatters\":[\"TextformatterEntities\",\"TextformatterRockDown\"],\"langBlankInherit\":0,\"notes\":\"Kursiv: _Hallo_\\u00a0\\u00a0\\u00a0\\u00a0Bedingter Trennstrich: --\\u00a0\\u00a0\\u00a0\\u00a0Breitenloses Leerzeichen: ---\",\"label1025\":\"Title\",\"collapsed\":0}');
INSERT INTO `fields` (`id`, `type`, `name`, `flags`, `label`, `data`) VALUES('2', 'FieldtypeModule', 'process', '25', 'Process', '{\"description\":\"The process that is executed on this page. Since this is mostly used by ProcessWire internally, it is recommended that you don\'t change the value of this unless adding your own pages in the admin.\",\"collapsed\":1,\"required\":1,\"moduleTypes\":[\"Process\"],\"permanent\":1}');
INSERT INTO `fields` (`id`, `type`, `name`, `flags`, `label`, `data`) VALUES('3', 'FieldtypePassword', 'pass', '24', 'Set Password', '{\"collapsed\":1,\"size\":50,\"maxlength\":128}');
INSERT INTO `fields` (`id`, `type`, `name`, `flags`, `label`, `data`) VALUES('4', 'FieldtypePage', 'roles', '24', 'Roles', '{\"derefAsPage\":0,\"parent_id\":30,\"labelFieldName\":\"name\",\"inputfield\":\"InputfieldCheckboxes\",\"description\":\"User will inherit the permissions assigned to each role. You may assign multiple roles to a user. When accessing a page, the user will only inherit permissions from the roles that are also assigned to the page\'s template.\"}');
INSERT INTO `fields` (`id`, `type`, `name`, `flags`, `label`, `data`) VALUES('5', 'FieldtypePage', 'permissions', '24', 'Permissions', '{\"derefAsPage\":0,\"parent_id\":31,\"labelFieldName\":\"title\",\"inputfield\":\"InputfieldCheckboxes\"}');
INSERT INTO `fields` (`id`, `type`, `name`, `flags`, `label`, `data`) VALUES('92', 'FieldtypeEmail', 'email', '9', 'E-Mail-Adresse', '{\"size\":70,\"maxlength\":255,\"label1025\":\"E-Mail Address\",\"collapsed\":0,\"minlength\":0,\"showCount\":0}');
INSERT INTO `fields` (`id`, `type`, `name`, `flags`, `label`, `data`) VALUES('97', 'FieldtypeModule', 'admin_theme', '8', 'Admin Theme', '{\"moduleTypes\":[\"AdminTheme\"],\"labelField\":\"title\",\"inputfieldClass\":\"InputfieldRadios\"}');
INSERT INTO `fields` (`id`, `type`, `name`, `flags`, `label`, `data`) VALUES('98', 'FieldtypeTextarea', 'text', '0', 'Text', '{\"inputfieldClass\":\"InputfieldTinyMCE\",\"contentType\":1,\"htmlOptions\":[2],\"collapsed\":0,\"minlength\":0,\"maxlength\":0,\"showCount\":0,\"rows\":5,\"inlineMode\":1,\"height\":500,\"lazyMode\":1,\"features\":[\"toolbar\",\"stickybars\",\"purifier\",\"pasteFilter\"],\"toolbar\":\"styles bold italic pwlink unlink bullist numlist pastetext\",\"plugins\":[\"link\",\"lists\",\"pwlink\"],\"toggles\":[2,4,8],\"headlines\":[\"h3\",\"h4\"],\"styleFormatsCSS\":\"#Align { display: none }\\n#Blocks (Blockquote)  { display: none }\\n#Blocks (Pre)  { display: none }\\n#Inline (Code)  { display: none }\\n#Inline (Strikethrough)  { display: none }\\n#Inline (Underline)  { display: none }\",\"notes\":\"Bedingter Trennstrich: --\\u00a0\\u00a0\\u00a0\\u00a0Breitenloses Leerzeichen: ---\"}');
INSERT INTO `fields` (`id`, `type`, `name`, `flags`, `label`, `data`) VALUES('99', 'FieldtypeText', 'meta_description', '0', 'Meta Description', '{\"description\":\"Zusammenfassung des Seiteninhalts f\\u00fcr Suchmaschinen\",\"collapsed\":2,\"minlength\":0,\"maxlength\":150,\"showCount\":1,\"size\":0,\"langBlankInherit\":0}');
INSERT INTO `fields` (`id`, `type`, `name`, `flags`, `label`, `data`) VALUES('100', 'FieldtypeFile', 'language_files_site', '24', 'Site Translation Files', '{\"extensions\":\"json csv\",\"maxFiles\":0,\"inputfieldClass\":\"InputfieldFile\",\"unzip\":1,\"description\":\"Use this field for translations specific to your site (like files in \\/site\\/templates\\/ for example).\",\"descriptionRows\":0,\"fileSchema\":14}');
INSERT INTO `fields` (`id`, `type`, `name`, `flags`, `label`, `data`) VALUES('101', 'FieldtypeFile', 'language_files', '24', 'Core Translation Files', '{\"extensions\":\"json csv\",\"maxFiles\":0,\"inputfieldClass\":\"InputfieldFile\",\"unzip\":1,\"description\":\"Use this field for [language packs](http:\\/\\/modules.processwire.com\\/categories\\/language-pack\\/). To delete all files, double-click the trash can for any file, then save.\",\"descriptionRows\":0,\"fileSchema\":14}');
INSERT INTO `fields` (`id`, `type`, `name`, `flags`, `label`, `data`) VALUES('102', 'FieldtypePage', 'language', '24', 'Language', '{\"derefAsPage\":1,\"parent_id\":1022,\"labelFieldName\":\"title\",\"inputfield\":\"InputfieldRadios\",\"required\":1}');
INSERT INTO `fields` (`id`, `type`, `name`, `flags`, `label`, `data`) VALUES('103', 'FieldtypeImage', 'images', '0', 'Bilder', '{\"fileSchema\":270,\"extensions\":\"jpg jpeg png svg\",\"maxFiles\":0,\"outputFormat\":0,\"descriptionRows\":1,\"useTags\":0,\"gridMode\":\"left\",\"focusMode\":\"off\",\"resizeServer\":0,\"clientQuality\":90,\"maxReject\":0,\"dimensionsByAspectRatio\":1,\"defaultValuePage\":0,\"inputfieldClass\":\"InputfieldImage\",\"textformatters\":[\"TextformatterEntities\"],\"noLang\":1,\"maxSize\":4,\"collapsed\":0,\"minWidth\":1600,\"minHeight\":1000,\"label1025\":\"Images\",\"notes\":\"JPGs in h\\u00f6chster Qualit\\u00e4tsstufe exportieren und hochladen!\"}');
INSERT INTO `fields` (`id`, `type`, `name`, `flags`, `label`, `data`) VALUES('104', 'FieldtypeImage', 'image', '0', 'Bild', '{\"fileSchema\":270,\"extensions\":\"jpg jpeg png svg\",\"maxFiles\":1,\"outputFormat\":0,\"descriptionRows\":1,\"useTags\":0,\"gridMode\":\"left\",\"focusMode\":\"off\",\"resizeServer\":0,\"clientQuality\":90,\"maxReject\":0,\"dimensionsByAspectRatio\":1,\"defaultValuePage\":0,\"inputfieldClass\":\"InputfieldImage\",\"textformatters\":[\"TextformatterEntities\"],\"noLang\":1,\"maxSize\":4,\"collapsed\":0,\"minWidth\":1600,\"minHeight\":1000,\"label1025\":\"Image\",\"notes\":\"JPGs in h\\u00f6chster Qualit\\u00e4tsstufe exportieren und hochladen!\"}');
INSERT INTO `fields` (`id`, `type`, `name`, `flags`, `label`, `data`) VALUES('105', 'FieldtypeInteger', 'repeater_matrix_type', '25', 'Repeater matrix type', '');
INSERT INTO `fields` (`id`, `type`, `name`, `flags`, `label`, `data`) VALUES('106', 'FieldtypeRepeaterMatrix', 'content', '0', 'Inhalt', '{\"label1025\":\"Content\",\"template_id\":45,\"parent_id\":1029,\"matrix1_name\":\"type_text\",\"matrix1_label\":\"Text\",\"matrix1_head\":\"{matrix_label} [\\u2022 {matrix_summary}]\",\"matrix1_fields\":[98],\"matrix1_sort\":1,\"matrix2_name\":\"type_images\",\"matrix2_label\":\"Bilder\",\"matrix2_head\":\"{matrix_label} [\\u2022 {matrix_summary}]\",\"matrix2_label1025\":\"Images\",\"matrix2_fields\":[103],\"matrix2_sort\":2,\"repeaterFields\":[105,98,103],\"familyFriendly\":0,\"repeaterCollapse\":3,\"repeaterLoading\":1,\"rememberOpen\":0,\"accordionMode\":0,\"loudControls\":0,\"addType\":1,\"imageDefs\":\"type_text:\\ntype_images:\",\"imageStyle\":\"margin:10px; width:200px;\",\"imageText\":1,\"allowChangeType\":0,\"collapsed\":0,\"repeaterAddLabel\":\"Hinzuf\\u00fcgen\",\"repeaterAddLabel1025\":\"Add new\"}');
INSERT INTO `fields` (`id`, `type`, `name`, `flags`, `label`, `data`) VALUES('107', 'FieldtypeDatetime', 'publication_date', '0', 'Publikationsdatum', '{\"label1025\":\"Publication date\",\"collapsed\":0,\"inputType\":\"html\",\"htmlType\":\"date\",\"datepicker\":0,\"timeInputSelect\":0,\"dateInputFormat\":\"Y-m-d\",\"size\":25,\"dateSelectFormat\":\"yMd\",\"yearFrom\":1923,\"yearTo\":2043,\"yearLock\":0,\"dateOutputFormat\":\"j.n.Y\",\"defaultToday\":1}');

DROP TABLE IF EXISTS `modules`;
CREATE TABLE `modules` (
  `id` int(10) unsigned NOT NULL AUTO_INCREMENT,
  `class` varchar(128) CHARACTER SET ascii NOT NULL,
  `flags` int(11) NOT NULL DEFAULT '0',
  `data` mediumtext NOT NULL,
  `created` timestamp NOT NULL DEFAULT CURRENT_TIMESTAMP,
  PRIMARY KEY (`id`),
  UNIQUE KEY `class` (`class`)
) ENGINE=InnoDB AUTO_INCREMENT=214 DEFAULT CHARSET=utf8mb4;

INSERT INTO `modules` (`id`, `class`, `flags`, `data`, `created`) VALUES('1', 'FieldtypeTextarea', '0', '', '2023-01-19 13:04:50');
INSERT INTO `modules` (`id`, `class`, `flags`, `data`, `created`) VALUES('3', 'FieldtypeText', '0', '', '2023-01-19 13:04:50');
INSERT INTO `modules` (`id`, `class`, `flags`, `data`, `created`) VALUES('4', 'FieldtypePage', '0', '', '2023-01-19 13:04:50');
INSERT INTO `modules` (`id`, `class`, `flags`, `data`, `created`) VALUES('6', 'FieldtypeFile', '0', '', '2023-01-19 13:04:50');
INSERT INTO `modules` (`id`, `class`, `flags`, `data`, `created`) VALUES('7', 'ProcessPageEdit', '1', '', '2023-01-19 13:04:50');
INSERT INTO `modules` (`id`, `class`, `flags`, `data`, `created`) VALUES('10', 'ProcessLogin', '0', '', '2023-01-19 13:04:50');
INSERT INTO `modules` (`id`, `class`, `flags`, `data`, `created`) VALUES('12', 'ProcessPageList', '0', '{\"pageLabelField\":\"title\",\"paginationLimit\":25,\"limit\":50}', '2023-01-19 13:04:50');
INSERT INTO `modules` (`id`, `class`, `flags`, `data`, `created`) VALUES('14', 'ProcessPageSort', '0', '', '2023-01-19 13:04:50');
INSERT INTO `modules` (`id`, `class`, `flags`, `data`, `created`) VALUES('15', 'InputfieldPageListSelect', '0', '', '2023-01-19 13:04:50');
INSERT INTO `modules` (`id`, `class`, `flags`, `data`, `created`) VALUES('17', 'ProcessPageAdd', '0', '', '2023-01-19 13:04:50');
INSERT INTO `modules` (`id`, `class`, `flags`, `data`, `created`) VALUES('25', 'InputfieldAsmSelect', '0', '', '2023-01-19 13:04:50');
INSERT INTO `modules` (`id`, `class`, `flags`, `data`, `created`) VALUES('27', 'FieldtypeModule', '0', '', '2023-01-19 13:04:50');
INSERT INTO `modules` (`id`, `class`, `flags`, `data`, `created`) VALUES('28', 'FieldtypeDatetime', '0', '', '2023-01-19 13:04:50');
INSERT INTO `modules` (`id`, `class`, `flags`, `data`, `created`) VALUES('29', 'FieldtypeEmail', '0', '', '2023-01-19 13:04:50');
INSERT INTO `modules` (`id`, `class`, `flags`, `data`, `created`) VALUES('30', 'InputfieldForm', '0', '', '2023-01-19 13:04:50');
INSERT INTO `modules` (`id`, `class`, `flags`, `data`, `created`) VALUES('32', 'InputfieldSubmit', '0', '', '2023-01-19 13:04:50');
INSERT INTO `modules` (`id`, `class`, `flags`, `data`, `created`) VALUES('34', 'InputfieldText', '0', '', '2023-01-19 13:04:50');
INSERT INTO `modules` (`id`, `class`, `flags`, `data`, `created`) VALUES('35', 'InputfieldTextarea', '0', '', '2023-01-19 13:04:50');
INSERT INTO `modules` (`id`, `class`, `flags`, `data`, `created`) VALUES('36', 'InputfieldSelect', '0', '', '2023-01-19 13:04:50');
INSERT INTO `modules` (`id`, `class`, `flags`, `data`, `created`) VALUES('37', 'InputfieldCheckbox', '0', '', '2023-01-19 13:04:50');
INSERT INTO `modules` (`id`, `class`, `flags`, `data`, `created`) VALUES('38', 'InputfieldCheckboxes', '0', '', '2023-01-19 13:04:50');
INSERT INTO `modules` (`id`, `class`, `flags`, `data`, `created`) VALUES('39', 'InputfieldRadios', '0', '', '2023-01-19 13:04:50');
INSERT INTO `modules` (`id`, `class`, `flags`, `data`, `created`) VALUES('40', 'InputfieldHidden', '0', '', '2023-01-19 13:04:50');
INSERT INTO `modules` (`id`, `class`, `flags`, `data`, `created`) VALUES('41', 'InputfieldName', '0', '', '2023-01-19 13:04:50');
INSERT INTO `modules` (`id`, `class`, `flags`, `data`, `created`) VALUES('43', 'InputfieldSelectMultiple', '0', '', '2023-01-19 13:04:50');
INSERT INTO `modules` (`id`, `class`, `flags`, `data`, `created`) VALUES('45', 'JqueryWireTabs', '0', '', '2023-01-19 13:04:50');
INSERT INTO `modules` (`id`, `class`, `flags`, `data`, `created`) VALUES('47', 'ProcessTemplate', '0', '', '2023-01-19 13:04:50');
INSERT INTO `modules` (`id`, `class`, `flags`, `data`, `created`) VALUES('48', 'ProcessField', '32', '', '2023-01-19 13:04:50');
INSERT INTO `modules` (`id`, `class`, `flags`, `data`, `created`) VALUES('50', 'ProcessModule', '0', '', '2023-01-19 13:04:50');
INSERT INTO `modules` (`id`, `class`, `flags`, `data`, `created`) VALUES('55', 'InputfieldFile', '0', '', '2023-01-19 13:04:50');
INSERT INTO `modules` (`id`, `class`, `flags`, `data`, `created`) VALUES('56', 'InputfieldImage', '0', '', '2023-01-19 13:04:50');
INSERT INTO `modules` (`id`, `class`, `flags`, `data`, `created`) VALUES('57', 'FieldtypeImage', '32', '', '2023-01-19 13:04:50');
INSERT INTO `modules` (`id`, `class`, `flags`, `data`, `created`) VALUES('60', 'InputfieldPage', '0', '{\"inputfieldClasses\":[\"InputfieldSelect\",\"InputfieldSelectMultiple\",\"InputfieldCheckboxes\",\"InputfieldRadios\",\"InputfieldAsmSelect\",\"InputfieldPageListSelect\",\"InputfieldPageListSelectMultiple\",\"InputfieldPageAutocomplete\"]}', '2023-01-19 13:04:50');
INSERT INTO `modules` (`id`, `class`, `flags`, `data`, `created`) VALUES('61', 'TextformatterEntities', '0', '', '2023-01-19 13:04:50');
INSERT INTO `modules` (`id`, `class`, `flags`, `data`, `created`) VALUES('66', 'ProcessUser', '0', '{\"showFields\":[\"name\",\"email\",\"roles\"]}', '2023-01-19 13:04:50');
INSERT INTO `modules` (`id`, `class`, `flags`, `data`, `created`) VALUES('67', 'MarkupAdminDataTable', '0', '', '2023-01-19 13:04:50');
INSERT INTO `modules` (`id`, `class`, `flags`, `data`, `created`) VALUES('68', 'ProcessRole', '0', '{\"showFields\":[\"name\"]}', '2023-01-19 13:04:50');
INSERT INTO `modules` (`id`, `class`, `flags`, `data`, `created`) VALUES('76', 'ProcessList', '0', '', '2023-01-19 13:04:50');
INSERT INTO `modules` (`id`, `class`, `flags`, `data`, `created`) VALUES('78', 'InputfieldFieldset', '0', '', '2023-01-19 13:04:50');
INSERT INTO `modules` (`id`, `class`, `flags`, `data`, `created`) VALUES('79', 'InputfieldMarkup', '0', '', '2023-01-19 13:04:50');
INSERT INTO `modules` (`id`, `class`, `flags`, `data`, `created`) VALUES('80', 'InputfieldEmail', '0', '', '2023-01-19 13:04:50');
INSERT INTO `modules` (`id`, `class`, `flags`, `data`, `created`) VALUES('83', 'ProcessPageView', '0', '', '2023-01-19 13:04:50');
INSERT INTO `modules` (`id`, `class`, `flags`, `data`, `created`) VALUES('84', 'FieldtypeInteger', '0', '', '2023-01-19 13:04:50');
INSERT INTO `modules` (`id`, `class`, `flags`, `data`, `created`) VALUES('85', 'InputfieldInteger', '0', '', '2023-01-19 13:04:50');
INSERT INTO `modules` (`id`, `class`, `flags`, `data`, `created`) VALUES('86', 'InputfieldPageName', '0', '{\"replacements\":{\"\\u00e6\":\"ae\",\"\\u00e5\":\"a\",\"\\u00e4\":\"ae\",\"\\u00e3\":\"a\",\"\\u00df\":\"ss\",\"\\u00f6\":\"oe\",\"\\u00fc\":\"ue\",\"\\u0111\":\"dj\",\"\\u0436\":\"zh\",\"\\u0445\":\"kh\",\"\\u0446\":\"tc\",\"\\u0447\":\"ch\",\"\\u0448\":\"sh\",\"\\u0449\":\"shch\",\"\\u044e\":\"iu\",\"\\u044f\":\"ia\",\":\":\"-\",\",\":\"-\",\"\\u00e0\":\"a\",\"\\u00e1\":\"a\",\"\\u00e2\":\"a\",\"\\u00e8\":\"e\",\"\\u00e9\":\"e\",\"\\u00eb\":\"e\",\"\\u00ea\":\"e\",\"\\u011b\":\"e\",\"\\u00ec\":\"i\",\"\\u00ed\":\"i\",\"\\u00ef\":\"i\",\"\\u00ee\":\"i\",\"\\u0131\":\"i\",\"\\u0130\":\"i\",\"\\u011f\":\"g\",\"\\u00f5\":\"o\",\"\\u00f2\":\"o\",\"\\u00f3\":\"o\",\"\\u00f4\":\"o\",\"\\u00f8\":\"o\",\"\\u00f9\":\"u\",\"\\u00fa\":\"u\",\"\\u00fb\":\"u\",\"\\u016f\":\"u\",\"\\u00f1\":\"n\",\"\\u00e7\":\"c\",\"\\u010d\":\"c\",\"\\u0107\":\"c\",\"\\u00c7\":\"c\",\"\\u010f\":\"d\",\"\\u013a\":\"l\",\"\\u013e\":\"l\",\"\\u0144\":\"n\",\"\\u0148\":\"n\",\"\\u0155\":\"r\",\"\\u0159\":\"r\",\"\\u0161\":\"s\",\"\\u015f\":\"s\",\"\\u015e\":\"s\",\"\\u0165\":\"t\",\"\\u00fd\":\"y\",\"\\u017e\":\"z\",\"\\u0430\":\"a\",\"\\u0431\":\"b\",\"\\u0432\":\"v\",\"\\u0433\":\"g\",\"\\u0434\":\"d\",\"\\u0435\":\"e\",\"\\u0451\":\"e\",\"\\u0437\":\"z\",\"\\u0438\":\"i\",\"\\u0439\":\"i\",\"\\u043a\":\"k\",\"\\u043b\":\"l\",\"\\u043c\":\"m\",\"\\u043d\":\"n\",\"\\u043e\":\"o\",\"\\u043f\":\"p\",\"\\u0440\":\"r\",\"\\u0441\":\"s\",\"\\u0442\":\"t\",\"\\u0443\":\"u\",\"\\u0444\":\"f\",\"\\u044b\":\"y\",\"\\u044d\":\"e\",\"\\u0119\":\"e\",\"\\u0105\":\"a\",\"\\u015b\":\"s\",\"\\u0142\":\"l\",\"\\u017c\":\"z\",\"\\u017a\":\"z\"}}', '2023-01-19 13:04:50');
INSERT INTO `modules` (`id`, `class`, `flags`, `data`, `created`) VALUES('87', 'ProcessHome', '0', '', '2023-01-19 13:04:50');
INSERT INTO `modules` (`id`, `class`, `flags`, `data`, `created`) VALUES('89', 'FieldtypeFloat', '1', '', '2023-01-19 13:04:50');
INSERT INTO `modules` (`id`, `class`, `flags`, `data`, `created`) VALUES('90', 'InputfieldFloat', '0', '', '2023-01-19 13:04:50');
INSERT INTO `modules` (`id`, `class`, `flags`, `data`, `created`) VALUES('94', 'InputfieldDatetime', '0', '', '2023-01-19 13:04:50');
INSERT INTO `modules` (`id`, `class`, `flags`, `data`, `created`) VALUES('97', 'FieldtypeCheckbox', '1', '', '2023-01-19 13:04:50');
INSERT INTO `modules` (`id`, `class`, `flags`, `data`, `created`) VALUES('98', 'MarkupPagerNav', '0', '', '2023-01-19 13:04:50');
INSERT INTO `modules` (`id`, `class`, `flags`, `data`, `created`) VALUES('103', 'JqueryTableSorter', '1', '', '2023-01-19 13:04:50');
INSERT INTO `modules` (`id`, `class`, `flags`, `data`, `created`) VALUES('104', 'ProcessPageSearch', '1', '{\"searchFields\":\"title\",\"displayField\":\"title path\"}', '2023-01-19 13:04:50');
INSERT INTO `modules` (`id`, `class`, `flags`, `data`, `created`) VALUES('105', 'FieldtypeFieldsetOpen', '1', '', '2023-01-19 13:04:50');
INSERT INTO `modules` (`id`, `class`, `flags`, `data`, `created`) VALUES('106', 'FieldtypeFieldsetClose', '1', '', '2023-01-19 13:04:50');
INSERT INTO `modules` (`id`, `class`, `flags`, `data`, `created`) VALUES('107', 'FieldtypeFieldsetTabOpen', '1', '', '2023-01-19 13:04:50');
INSERT INTO `modules` (`id`, `class`, `flags`, `data`, `created`) VALUES('108', 'InputfieldURL', '0', '', '2023-01-19 13:04:50');
INSERT INTO `modules` (`id`, `class`, `flags`, `data`, `created`) VALUES('109', 'ProcessPageTrash', '1', '', '2023-01-19 13:04:50');
INSERT INTO `modules` (`id`, `class`, `flags`, `data`, `created`) VALUES('111', 'FieldtypePageTitle', '1', '', '2023-01-19 13:04:50');
INSERT INTO `modules` (`id`, `class`, `flags`, `data`, `created`) VALUES('112', 'InputfieldPageTitle', '0', '', '2023-01-19 13:04:50');
INSERT INTO `modules` (`id`, `class`, `flags`, `data`, `created`) VALUES('113', 'MarkupPageArray', '3', '', '2023-01-19 13:04:50');
INSERT INTO `modules` (`id`, `class`, `flags`, `data`, `created`) VALUES('114', 'PagePermissions', '3', '', '2023-01-19 13:04:50');
INSERT INTO `modules` (`id`, `class`, `flags`, `data`, `created`) VALUES('115', 'PageRender', '3', '{\"clearCache\":1}', '2023-01-19 13:04:50');
INSERT INTO `modules` (`id`, `class`, `flags`, `data`, `created`) VALUES('116', 'JqueryCore', '1', '', '2023-01-19 13:04:50');
INSERT INTO `modules` (`id`, `class`, `flags`, `data`, `created`) VALUES('117', 'JqueryUI', '1', '', '2023-01-19 13:04:50');
INSERT INTO `modules` (`id`, `class`, `flags`, `data`, `created`) VALUES('121', 'ProcessPageEditLink', '1', '{\"classOptions\":\"\",\"relOptions\":\"nofollow\\nnoopener\",\"targetOptions\":\"_blank\",\"extLinkClass\":\"\",\"extLinkRel\":\"noopener\",\"extLinkTarget\":\"_blank\",\"urlType\":\"0\"}', '2023-01-19 13:04:50');
INSERT INTO `modules` (`id`, `class`, `flags`, `data`, `created`) VALUES('122', 'InputfieldPassword', '0', '', '2023-01-19 13:04:50');
INSERT INTO `modules` (`id`, `class`, `flags`, `data`, `created`) VALUES('125', 'SessionLoginThrottle', '11', '', '2023-01-19 13:04:50');
INSERT INTO `modules` (`id`, `class`, `flags`, `data`, `created`) VALUES('129', 'ProcessPageEditImageSelect', '1', '', '2023-01-19 13:04:50');
INSERT INTO `modules` (`id`, `class`, `flags`, `data`, `created`) VALUES('131', 'InputfieldButton', '0', '', '2023-01-19 13:04:50');
INSERT INTO `modules` (`id`, `class`, `flags`, `data`, `created`) VALUES('133', 'FieldtypePassword', '1', '', '2023-01-19 13:04:50');
INSERT INTO `modules` (`id`, `class`, `flags`, `data`, `created`) VALUES('134', 'ProcessPageType', '33', '{\"showFields\":[]}', '2023-01-19 13:04:50');
INSERT INTO `modules` (`id`, `class`, `flags`, `data`, `created`) VALUES('135', 'FieldtypeURL', '1', '', '2023-01-19 13:04:50');
INSERT INTO `modules` (`id`, `class`, `flags`, `data`, `created`) VALUES('136', 'ProcessPermission', '1', '{\"showFields\":[\"name\",\"title\"]}', '2023-01-19 13:04:50');
INSERT INTO `modules` (`id`, `class`, `flags`, `data`, `created`) VALUES('137', 'InputfieldPageListSelectMultiple', '0', '', '2023-01-19 13:04:50');
INSERT INTO `modules` (`id`, `class`, `flags`, `data`, `created`) VALUES('138', 'ProcessProfile', '1', '{\"profileFields\":[\"pass\",\"email\",\"admin_theme\",\"language\"]}', '2023-01-19 13:04:50');
INSERT INTO `modules` (`id`, `class`, `flags`, `data`, `created`) VALUES('139', 'SystemUpdater', '1', '{\"systemVersion\":20,\"coreVersion\":\"3.0.246\"}', '2023-01-19 13:04:50');
INSERT INTO `modules` (`id`, `class`, `flags`, `data`, `created`) VALUES('148', 'AdminThemeDefault', '10', '{\"colors\":\"classic\"}', '2023-01-19 13:04:50');
INSERT INTO `modules` (`id`, `class`, `flags`, `data`, `created`) VALUES('149', 'InputfieldSelector', '42', '', '2023-01-19 13:04:50');
INSERT INTO `modules` (`id`, `class`, `flags`, `data`, `created`) VALUES('150', 'ProcessPageLister', '32', '', '2023-01-19 13:04:50');
INSERT INTO `modules` (`id`, `class`, `flags`, `data`, `created`) VALUES('151', 'JqueryMagnific', '1', '', '2023-01-19 13:04:50');
INSERT INTO `modules` (`id`, `class`, `flags`, `data`, `created`) VALUES('155', 'InputfieldCKEditor', '0', '', '2023-01-19 13:04:50');
INSERT INTO `modules` (`id`, `class`, `flags`, `data`, `created`) VALUES('156', 'MarkupHTMLPurifier', '0', '', '2023-01-19 13:04:50');
INSERT INTO `modules` (`id`, `class`, `flags`, `data`, `created`) VALUES('159', 'ProcessRecentPages', '1', '', '2023-01-19 13:05:02');
INSERT INTO `modules` (`id`, `class`, `flags`, `data`, `created`) VALUES('160', 'AdminThemeUikit', '10', '', '2023-01-19 13:05:03');
INSERT INTO `modules` (`id`, `class`, `flags`, `data`, `created`) VALUES('161', 'ProcessLogger', '1', '', '2023-01-19 13:05:07');
INSERT INTO `modules` (`id`, `class`, `flags`, `data`, `created`) VALUES('162', 'InputfieldIcon', '0', '', '2023-01-19 13:05:07');
INSERT INTO `modules` (`id`, `class`, `flags`, `data`, `created`) VALUES('164', 'FileValidatorSvgSanitizer', '0', '', '2023-01-19 13:12:35');
INSERT INTO `modules` (`id`, `class`, `flags`, `data`, `created`) VALUES('165', 'ProcessDatabaseBackups', '1', '', '2023-01-19 13:12:59');
INSERT INTO `modules` (`id`, `class`, `flags`, `data`, `created`) VALUES('167', 'InputfieldTextTags', '0', '', '2023-01-19 13:38:09');
INSERT INTO `modules` (`id`, `class`, `flags`, `data`, `created`) VALUES('168', 'InputfieldTinyMCE', '4', '{\"skin\":\"oxide\",\"skin_url\":\"\",\"content_css\":\"wire\",\"content_css_url\":\"\",\"extPluginOpts\":\"\",\"optionals\":[\"headlines\",\"styleFormatsCSS\",\"settingsJSON\"],\"headlines\":[\"h1\",\"h2\",\"h3\",\"h4\",\"h5\",\"h5\",\"h6\"],\"contextmenu\":\"default\",\"menubar\":\"default\",\"removed_menuitems\":\"default\",\"styleFormatsCSS\":\"#Align { display: none }\",\"invalid_styles\":\"default\",\"extraCSS\":\"\",\"pasteFilter\":\"default\",\"defaultsJSON\":\"\",\"defaultsFile\":\"\",\"debugMode\":0,\"-dups\":[\"\\/wire\\/modules\\/Inputfield\\/InputfieldTinyMCE\\/InputfieldTinyMCE.module.php\",\"\\/site\\/modules\\/InputfieldTinyMCE\\/InputfieldTinyMCE.module.php\"],\"-dups-use\":\"\\/wire\\/modules\\/Inputfield\\/InputfieldTinyMCE\\/InputfieldTinyMCE.module.php\"}', '2023-01-19 13:40:37');
INSERT INTO `modules` (`id`, `class`, `flags`, `data`, `created`) VALUES('169', 'InputfieldToggle', '0', '', '2023-01-19 13:40:37');
INSERT INTO `modules` (`id`, `class`, `flags`, `data`, `created`) VALUES('170', 'TextformatterMarkdownExtra', '1', '', '2023-01-19 13:43:11');
INSERT INTO `modules` (`id`, `class`, `flags`, `data`, `created`) VALUES('171', 'LanguageSupport', '35', '{\"languagesPageID\":1022,\"defaultLanguagePageID\":1023,\"otherLanguagePageIDs\":[1025],\"languageTranslatorPageID\":1024}', '2023-01-19 14:11:16');
INSERT INTO `modules` (`id`, `class`, `flags`, `data`, `created`) VALUES('172', 'ProcessLanguage', '1', '', '2023-01-19 14:11:16');
INSERT INTO `modules` (`id`, `class`, `flags`, `data`, `created`) VALUES('173', 'ProcessLanguageTranslator', '1', '', '2023-01-19 14:11:17');
INSERT INTO `modules` (`id`, `class`, `flags`, `data`, `created`) VALUES('174', 'InputfieldPageAutocomplete', '0', '', '2023-01-19 14:44:22');
INSERT INTO `modules` (`id`, `class`, `flags`, `data`, `created`) VALUES('176', 'ImageSizerEngineIMagick', '0', '{\"enginePriority\":1,\"sharpening\":\"soft\",\"quality\":80}', '2023-02-02 23:16:41');
INSERT INTO `modules` (`id`, `class`, `flags`, `data`, `created`) VALUES('177', 'LanguageSupportFields', '3', '', '2023-02-05 09:39:00');
INSERT INTO `modules` (`id`, `class`, `flags`, `data`, `created`) VALUES('178', 'FieldtypeTextLanguage', '1', '', '2023-02-05 09:39:00');
INSERT INTO `modules` (`id`, `class`, `flags`, `data`, `created`) VALUES('179', 'FieldtypePageTitleLanguage', '1', '', '2023-02-05 09:39:00');
INSERT INTO `modules` (`id`, `class`, `flags`, `data`, `created`) VALUES('180', 'FieldtypeTextareaLanguage', '1', '', '2023-02-05 09:39:00');
INSERT INTO `modules` (`id`, `class`, `flags`, `data`, `created`) VALUES('182', 'FieldtypeRepeater', '35', '{\"repeatersRootPageID\":1028}', '2023-02-08 16:37:36');
INSERT INTO `modules` (`id`, `class`, `flags`, `data`, `created`) VALUES('183', 'InputfieldRepeater', '0', '', '2023-02-08 16:37:36');
INSERT INTO `modules` (`id`, `class`, `flags`, `data`, `created`) VALUES('184', 'FieldtypeRepeaterMatrix', '33', '', '2023-02-08 16:37:43');
INSERT INTO `modules` (`id`, `class`, `flags`, `data`, `created`) VALUES('185', 'InputfieldRepeaterMatrix', '0', '', '2023-02-08 16:37:43');
INSERT INTO `modules` (`id`, `class`, `flags`, `data`, `created`) VALUES('186', 'TextformatterRockDown', '1', '', '2023-02-09 23:12:56');
INSERT INTO `modules` (`id`, `class`, `flags`, `data`, `created`) VALUES('187', 'ProcessCustomUploadNames', '3', '', '2023-02-15 07:54:34');
INSERT INTO `modules` (`id`, `class`, `flags`, `data`, `created`) VALUES('188', '.Modules.info', '8192', '{\"179\":{\"name\":\"FieldtypePageTitleLanguage\",\"title\":\"Page Title (Multi-Language)\",\"version\":100,\"requiresVersions\":{\"LanguageSupportFields\":[\">=\",0],\"FieldtypeTextLanguage\":[\">=\",0]},\"singular\":true,\"created\":1675589940},\"178\":{\"name\":\"FieldtypeTextLanguage\",\"title\":\"Text (Multi-language)\",\"version\":100,\"requiresVersions\":{\"LanguageSupportFields\":[\">=\",0]},\"singular\":true,\"created\":1675589940},\"180\":{\"name\":\"FieldtypeTextareaLanguage\",\"title\":\"Textarea (Multi-language)\",\"version\":100,\"requiresVersions\":{\"LanguageSupportFields\":[\">=\",0]},\"singular\":true,\"created\":1675589940},\"171\":{\"name\":\"LanguageSupport\",\"title\":\"Languages Support\",\"version\":104,\"installs\":[\"ProcessLanguage\",\"ProcessLanguageTranslator\"],\"autoload\":true,\"singular\":true,\"created\":1674137476,\"configurable\":3,\"addFlag\":32},\"177\":{\"name\":\"LanguageSupportFields\",\"title\":\"Languages Support - Fields\",\"version\":101,\"requiresVersions\":{\"LanguageSupport\":[\">=\",0]},\"installs\":[\"FieldtypePageTitleLanguage\",\"FieldtypeTextareaLanguage\",\"FieldtypeTextLanguage\"],\"autoload\":true,\"singular\":true,\"created\":1675589940},\"173\":{\"name\":\"ProcessLanguageTranslator\",\"title\":\"Language Translator\",\"version\":103,\"requiresVersions\":{\"LanguageSupport\":[\">=\",0]},\"permission\":\"lang-edit\",\"singular\":1,\"created\":1674137477,\"configurable\":4},\"172\":{\"name\":\"ProcessLanguage\",\"title\":\"Sprachen\",\"version\":103,\"icon\":\"language\",\"requiresVersions\":{\"LanguageSupport\":[\">=\",0]},\"permission\":\"lang-edit\",\"singular\":1,\"created\":1674137476,\"configurable\":3,\"useNavJSON\":true},\"170\":{\"name\":\"TextformatterMarkdownExtra\",\"title\":\"Markdown\\/Parsedown Extra\",\"version\":180,\"singular\":1,\"created\":1674135791,\"configurable\":4},\"61\":{\"name\":\"TextformatterEntities\",\"title\":\"HTML Entity Encoder (htmlspecialchars)\",\"version\":100,\"created\":1674133490},\"117\":{\"name\":\"JqueryUI\",\"title\":\"jQuery UI\",\"version\":\"1.10.4\",\"singular\":true,\"created\":1674133490,\"permanent\":true},\"103\":{\"name\":\"JqueryTableSorter\",\"title\":\"jQuery Table Sorter Plugin\",\"version\":\"2.31.3\",\"singular\":1,\"created\":1674133490},\"116\":{\"name\":\"JqueryCore\",\"title\":\"jQuery Core\",\"version\":\"1.12.4\",\"singular\":true,\"created\":1674133490,\"permanent\":true},\"45\":{\"name\":\"JqueryWireTabs\",\"title\":\"jQuery Wire Tabs Plugin\",\"version\":110,\"created\":1674133490,\"configurable\":3,\"permanent\":true},\"151\":{\"name\":\"JqueryMagnific\",\"title\":\"jQuery Magnific Popup\",\"version\":\"1.1.0\",\"singular\":1,\"created\":1674133490},\"176\":{\"name\":\"ImageSizerEngineIMagick\",\"title\":\"IMagick Image Sizer\",\"version\":3,\"created\":1675379801,\"configurable\":4},\"139\":{\"name\":\"SystemUpdater\",\"title\":\"System-Updater\",\"version\":20,\"singular\":true,\"created\":1674133490,\"configurable\":3,\"permanent\":true},\"113\":{\"name\":\"MarkupPageArray\",\"title\":\"PageArray Markup\",\"version\":100,\"autoload\":true,\"singular\":true,\"created\":1674133490},\"156\":{\"name\":\"MarkupHTMLPurifier\",\"title\":\"HTML Purifier\",\"version\":497,\"created\":1674133490},\"98\":{\"name\":\"MarkupPagerNav\",\"title\":\"Pager (Pagination) Navigation\",\"version\":105,\"created\":1674133490},\"67\":{\"name\":\"MarkupAdminDataTable\",\"title\":\"Admin Data Table\",\"version\":107,\"created\":1674133490,\"permanent\":true},\"115\":{\"name\":\"PageRender\",\"title\":\"Seiten-Rendering\",\"version\":105,\"autoload\":true,\"singular\":true,\"created\":1674133490,\"configurable\":3,\"permanent\":true},\"57\":{\"name\":\"FieldtypeImage\",\"title\":\"Images\",\"version\":102,\"created\":1674133490,\"configurable\":4,\"permanent\":true},\"105\":{\"name\":\"FieldtypeFieldsetOpen\",\"title\":\"Fieldset (Open)\",\"version\":101,\"singular\":true,\"created\":1674133490,\"permanent\":true},\"6\":{\"name\":\"FieldtypeFile\",\"title\":\"Dateien\",\"version\":107,\"created\":1674133490,\"configurable\":4,\"permanent\":true},\"4\":{\"name\":\"FieldtypePage\",\"title\":\"Page Reference\",\"version\":107,\"created\":1674133490,\"configurable\":3,\"permanent\":true},\"1\":{\"name\":\"FieldtypeTextarea\",\"title\":\"Textarea\",\"version\":107,\"created\":1674133490,\"permanent\":true},\"27\":{\"name\":\"FieldtypeModule\",\"title\":\"Module Reference\",\"version\":102,\"created\":1674133490,\"permanent\":true},\"182\":{\"name\":\"FieldtypeRepeater\",\"title\":\"Repeater\",\"version\":113,\"installs\":[\"InputfieldRepeater\"],\"autoload\":true,\"singular\":true,\"created\":1675874256,\"configurable\":3},\"183\":{\"name\":\"InputfieldRepeater\",\"title\":\"Repeater\",\"version\":111,\"requiresVersions\":{\"FieldtypeRepeater\":[\">=\",0]},\"created\":1675874256},\"111\":{\"name\":\"FieldtypePageTitle\",\"title\":\"Page Title\",\"version\":100,\"singular\":true,\"created\":1674133490,\"permanent\":true},\"135\":{\"name\":\"FieldtypeURL\",\"title\":\"URL\",\"version\":101,\"singular\":true,\"created\":1674133490,\"permanent\":true},\"84\":{\"name\":\"FieldtypeInteger\",\"title\":\"Integer\",\"version\":102,\"created\":1674133490,\"permanent\":true},\"106\":{\"name\":\"FieldtypeFieldsetClose\",\"title\":\"Fieldset (Close)\",\"version\":100,\"singular\":true,\"created\":1674133490,\"permanent\":true},\"133\":{\"name\":\"FieldtypePassword\",\"title\":\"Password\",\"version\":101,\"singular\":true,\"created\":1674133490,\"permanent\":true},\"97\":{\"name\":\"FieldtypeCheckbox\",\"title\":\"Checkbox\",\"version\":101,\"singular\":true,\"created\":1674133490,\"permanent\":true},\"89\":{\"name\":\"FieldtypeFloat\",\"title\":\"Flie\\u00dfkomma-Zahl\",\"version\":108,\"singular\":true,\"created\":1674133490,\"permanent\":true},\"3\":{\"name\":\"FieldtypeText\",\"title\":\"Text\",\"version\":102,\"created\":1674133490,\"permanent\":true},\"107\":{\"name\":\"FieldtypeFieldsetTabOpen\",\"title\":\"Fieldset in Tab (Open)\",\"version\":100,\"singular\":true,\"created\":1674133490,\"permanent\":true},\"29\":{\"name\":\"FieldtypeEmail\",\"title\":\"E-Mail\",\"version\":101,\"created\":1674133490},\"28\":{\"name\":\"FieldtypeDatetime\",\"title\":\"Datetime\",\"version\":105,\"created\":1674133490},\"160\":{\"name\":\"AdminThemeUikit\",\"title\":\"Uikit\",\"version\":34,\"autoload\":\"template=admin\",\"created\":1674133503,\"configurable\":4},\"148\":{\"name\":\"AdminThemeDefault\",\"title\":\"Default\",\"version\":14,\"autoload\":\"template=admin\",\"created\":1674133490,\"configurable\":19},\"114\":{\"name\":\"PagePermissions\",\"title\":\"Page Permissions\",\"version\":105,\"autoload\":true,\"singular\":true,\"created\":1674133490,\"permanent\":true},\"85\":{\"name\":\"InputfieldInteger\",\"title\":\"Integer\",\"version\":105,\"created\":1674133490,\"permanent\":true},\"108\":{\"name\":\"InputfieldURL\",\"title\":\"URL\",\"version\":103,\"created\":1674133490},\"40\":{\"name\":\"InputfieldHidden\",\"title\":\"Versteckt\",\"version\":101,\"created\":1674133490,\"permanent\":true},\"90\":{\"name\":\"InputfieldFloat\",\"title\":\"Flie\\u00dfkommazahl\",\"version\":105,\"created\":1674133490,\"permanent\":true},\"38\":{\"name\":\"InputfieldCheckboxes\",\"title\":\"Checkboxen\",\"version\":108,\"created\":1674133490,\"permanent\":true},\"36\":{\"name\":\"InputfieldSelect\",\"title\":\"select-Auswahl\",\"version\":103,\"created\":1674133490,\"permanent\":true},\"78\":{\"name\":\"InputfieldFieldset\",\"title\":\"Fieldset\",\"version\":101,\"created\":1674133490,\"permanent\":true},\"56\":{\"name\":\"InputfieldImage\",\"title\":\"Bilder\",\"version\":129,\"created\":1674133490,\"permanent\":true},\"35\":{\"name\":\"InputfieldTextarea\",\"title\":\"Textarea\",\"version\":103,\"created\":1674133490,\"permanent\":true},\"55\":{\"name\":\"InputfieldFile\",\"title\":\"Dateien\",\"version\":129,\"created\":1674133490,\"permanent\":true},\"169\":{\"name\":\"InputfieldToggle\",\"title\":\"Umschalter\",\"version\":1,\"created\":1674135637},\"131\":{\"name\":\"InputfieldButton\",\"title\":\"Button\",\"version\":100,\"created\":1674133490,\"permanent\":true},\"25\":{\"name\":\"InputfieldAsmSelect\",\"title\":\"asmSelect\",\"version\":203,\"created\":1674133490,\"permanent\":true},\"60\":{\"name\":\"InputfieldPage\",\"title\":\"Page\",\"version\":109,\"created\":1674133490,\"configurable\":3,\"permanent\":true},\"80\":{\"name\":\"InputfieldEmail\",\"title\":\"E-Mail\",\"version\":102,\"created\":1674133490},\"86\":{\"name\":\"InputfieldPageName\",\"title\":\"Page Name\",\"version\":106,\"created\":1674133490,\"configurable\":3,\"permanent\":true},\"94\":{\"name\":\"InputfieldDatetime\",\"title\":\"Datum\\/Uhrzeit\",\"version\":108,\"created\":1674133490,\"permanent\":true},\"155\":{\"name\":\"InputfieldCKEditor\",\"title\":\"CKEditor\",\"version\":172,\"installs\":[\"MarkupHTMLPurifier\"],\"created\":1674133490},\"34\":{\"name\":\"InputfieldText\",\"title\":\"Text\",\"version\":106,\"created\":1674133490,\"permanent\":true},\"37\":{\"name\":\"InputfieldCheckbox\",\"title\":\"Checkbox\",\"version\":106,\"created\":1674133490,\"permanent\":true},\"79\":{\"name\":\"InputfieldMarkup\",\"title\":\"Markup\",\"version\":102,\"created\":1674133490,\"permanent\":true},\"43\":{\"name\":\"InputfieldSelectMultiple\",\"title\":\"Multi-select\",\"version\":101,\"created\":1674133490,\"permanent\":true},\"162\":{\"name\":\"InputfieldIcon\",\"title\":\"Icon\",\"version\":3,\"created\":1674133507},\"39\":{\"name\":\"InputfieldRadios\",\"title\":\"Radio-Buttons\",\"version\":106,\"created\":1674133490,\"permanent\":true},\"112\":{\"name\":\"InputfieldPageTitle\",\"title\":\"Page Title\",\"version\":102,\"created\":1674133490,\"permanent\":true},\"122\":{\"name\":\"InputfieldPassword\",\"title\":\"Passwort\",\"version\":102,\"created\":1674133490,\"permanent\":true},\"174\":{\"name\":\"InputfieldPageAutocomplete\",\"title\":\"Seiten-Autovervollst\\u00e4ndigung\",\"version\":113,\"created\":1674139462},\"149\":{\"name\":\"InputfieldSelector\",\"title\":\"Selector\",\"version\":28,\"autoload\":\"template=admin\",\"created\":1674133490,\"configurable\":3,\"addFlag\":32},\"32\":{\"name\":\"InputfieldSubmit\",\"title\":\"Submit\",\"version\":103,\"created\":1674133490,\"permanent\":true},\"168\":{\"name\":\"InputfieldTinyMCE\",\"title\":\"TinyMCE\",\"version\":618,\"icon\":\"keyboard-o\",\"requiresVersions\":{\"ProcessWire\":[\">=\",\"3.0.200\"],\"MarkupHTMLPurifier\":[\">=\",0]},\"created\":1674135637,\"configurable\":4},\"167\":{\"name\":\"InputfieldTextTags\",\"title\":\"Text tags\",\"version\":7,\"icon\":\"tags\",\"created\":1674135489},\"30\":{\"name\":\"InputfieldForm\",\"title\":\"Formular\",\"version\":107,\"created\":1674133490,\"permanent\":true},\"15\":{\"name\":\"InputfieldPageListSelect\",\"title\":\"Seitenbaum-Auswahl\",\"version\":101,\"created\":1674133490,\"permanent\":true},\"137\":{\"name\":\"InputfieldPageListSelectMultiple\",\"title\":\"Multi-Seitenbaum-Auswahl\",\"version\":103,\"created\":1674133490,\"permanent\":true},\"41\":{\"name\":\"InputfieldName\",\"title\":\"Name\",\"version\":100,\"created\":1674133490,\"permanent\":true},\"50\":{\"name\":\"ProcessModule\",\"title\":\"Module\",\"version\":121,\"permission\":\"module-admin\",\"created\":1674133490,\"permanent\":true,\"useNavJSON\":true,\"nav\":[{\"url\":\"?site#tab_site_modules\",\"label\":\"Site\",\"icon\":\"plug\",\"navJSON\":\"navJSON\\/?site=1\"},{\"url\":\"?core#tab_core_modules\",\"label\":\"Core\",\"icon\":\"plug\",\"navJSON\":\"navJSON\\/?core=1\"},{\"url\":\"?configurable#tab_configurable_modules\",\"label\":\"Configure\",\"icon\":\"gear\",\"navJSON\":\"navJSON\\/?configurable=1\"},{\"url\":\"?install#tab_install_modules\",\"label\":\"Install\",\"icon\":\"sign-in\",\"navJSON\":\"navJSON\\/?install=1\"},{\"url\":\"?new#tab_new_modules\",\"label\":\"New\",\"icon\":\"plus\"},{\"url\":\"?reset=1\",\"label\":\"Refresh\",\"icon\":\"refresh\"}]},\"48\":{\"name\":\"ProcessField\",\"title\":\"Felder\",\"version\":114,\"icon\":\"cube\",\"permission\":\"field-admin\",\"created\":1674133490,\"configurable\":3,\"permanent\":true,\"useNavJSON\":true,\"addFlag\":32},\"136\":{\"name\":\"ProcessPermission\",\"title\":\"Berechtigungen\",\"version\":101,\"icon\":\"gear\",\"permission\":\"permission-admin\",\"singular\":1,\"created\":1674133490,\"configurable\":3,\"permanent\":true,\"useNavJSON\":true},\"121\":{\"name\":\"ProcessPageEditLink\",\"title\":\"Page Edit Link\",\"version\":112,\"icon\":\"link\",\"permission\":\"page-edit\",\"singular\":1,\"created\":1674133490,\"configurable\":4,\"permanent\":true},\"161\":{\"name\":\"ProcessLogger\",\"title\":\"Logs\",\"version\":2,\"icon\":\"tree\",\"permission\":\"logs-view\",\"singular\":1,\"created\":1674133507,\"useNavJSON\":true},\"150\":{\"name\":\"ProcessPageLister\",\"title\":\"Lister\",\"version\":26,\"icon\":\"search\",\"permission\":\"page-lister\",\"created\":1674133490,\"configurable\":true,\"permanent\":true,\"useNavJSON\":true,\"addFlag\":32},\"87\":{\"name\":\"ProcessHome\",\"title\":\"Admin Start\",\"version\":101,\"permission\":\"page-view\",\"created\":1674133490,\"permanent\":true},\"68\":{\"name\":\"ProcessRole\",\"title\":\"Benutzerrollen\",\"version\":104,\"icon\":\"gears\",\"permission\":\"role-admin\",\"created\":1674133490,\"configurable\":3,\"permanent\":true,\"useNavJSON\":true},\"83\":{\"name\":\"ProcessPageView\",\"title\":\"Seitenansicht\",\"version\":106,\"permission\":\"page-view\",\"created\":1674133490,\"permanent\":true},\"104\":{\"name\":\"ProcessPageSearch\",\"title\":\"Page Search\",\"version\":108,\"permission\":\"page-edit\",\"singular\":1,\"created\":1674133490,\"configurable\":3,\"permanent\":true},\"12\":{\"name\":\"ProcessPageList\",\"title\":\"Page List\",\"version\":124,\"icon\":\"sitemap\",\"permission\":\"page-edit\",\"created\":1674133490,\"configurable\":3,\"permanent\":true,\"useNavJSON\":true},\"134\":{\"name\":\"ProcessPageType\",\"title\":\"Seitentyp\",\"version\":101,\"singular\":1,\"created\":1674133490,\"configurable\":3,\"permanent\":true,\"useNavJSON\":true,\"addFlag\":32},\"7\":{\"name\":\"ProcessPageEdit\",\"title\":\"Page Edit\",\"version\":112,\"icon\":\"edit\",\"permission\":\"page-edit\",\"singular\":1,\"created\":1674133490,\"configurable\":3,\"permanent\":true,\"useNavJSON\":true},\"129\":{\"name\":\"ProcessPageEditImageSelect\",\"title\":\"Page Edit Image\",\"version\":121,\"permission\":\"page-edit\",\"singular\":1,\"created\":1674133490,\"configurable\":3,\"permanent\":true},\"76\":{\"name\":\"ProcessList\",\"title\":\"Liste\",\"version\":101,\"permission\":\"page-view\",\"created\":1674133490,\"permanent\":true},\"14\":{\"name\":\"ProcessPageSort\",\"title\":\"Seiten sortieren und verschieben\",\"version\":101,\"permission\":\"page-edit\",\"created\":1674133490,\"permanent\":true},\"66\":{\"name\":\"ProcessUser\",\"title\":\"Benutzer\",\"version\":107,\"icon\":\"group\",\"permission\":\"user-admin\",\"created\":1674133490,\"configurable\":\"ProcessUserConfig.php\",\"permanent\":true,\"useNavJSON\":true},\"10\":{\"name\":\"ProcessLogin\",\"title\":\"Login\",\"version\":109,\"permission\":\"page-view\",\"created\":1674133490,\"configurable\":4,\"permanent\":true},\"109\":{\"name\":\"ProcessPageTrash\",\"title\":\"Papierkorb (Seiten)\",\"version\":103,\"singular\":1,\"created\":1674133490,\"permanent\":true},\"159\":{\"name\":\"ProcessRecentPages\",\"title\":\"Recent Pages\",\"version\":2,\"icon\":\"clock-o\",\"permission\":\"page-edit-recent\",\"singular\":1,\"created\":1674133502,\"useNavJSON\":true,\"nav\":[{\"url\":\"?edited=1\",\"label\":\"Edited\",\"icon\":\"users\",\"navJSON\":\"navJSON\\/?edited=1\"},{\"url\":\"?added=1\",\"label\":\"Created\",\"icon\":\"users\",\"navJSON\":\"navJSON\\/?added=1\"},{\"url\":\"?edited=1&me=1\",\"label\":\"Edited by me\",\"icon\":\"user\",\"navJSON\":\"navJSON\\/?edited=1&me=1\"},{\"url\":\"?added=1&me=1\",\"label\":\"Created by me\",\"icon\":\"user\",\"navJSON\":\"navJSON\\/?added=1&me=1\"},{\"url\":\"another\\/\",\"label\":\"Add another\",\"icon\":\"plus-circle\",\"navJSON\":\"anotherNavJSON\\/\"}]},\"47\":{\"name\":\"ProcessTemplate\",\"title\":\"Templates\",\"version\":114,\"icon\":\"cubes\",\"permission\":\"template-admin\",\"created\":1674133490,\"configurable\":4,\"permanent\":true,\"useNavJSON\":true},\"17\":{\"name\":\"ProcessPageAdd\",\"title\":\"Seite hinzuf\\u00fcgen\",\"version\":109,\"icon\":\"plus-circle\",\"permission\":\"page-edit\",\"created\":1674133490,\"configurable\":3,\"permanent\":true,\"useNavJSON\":true},\"138\":{\"name\":\"ProcessProfile\",\"title\":\"Benutzer-Profil\",\"version\":105,\"permission\":\"profile-edit\",\"singular\":1,\"created\":1674133490,\"configurable\":3,\"permanent\":true},\"125\":{\"name\":\"SessionLoginThrottle\",\"title\":\"Session Login Throttle\",\"version\":103,\"autoload\":\"function\",\"singular\":true,\"created\":1674133490,\"configurable\":3},\"185\":{\"name\":\"InputfieldRepeaterMatrix\",\"title\":\"ProFields: Repeater Matrix Inputfield\",\"version\":9,\"requiresVersions\":{\"FieldtypeRepeaterMatrix\":[\">=\",0]},\"created\":1675874263},\"184\":{\"name\":\"FieldtypeRepeaterMatrix\",\"title\":\"ProFields: Repeater Matrix\",\"version\":9,\"requiresVersions\":{\"ProcessWire\":[\">=\",\"3.0.187\"],\"FieldtypeRepeater\":[\">=\",107],\"InputfieldRepeater\":[\">=\",109]},\"installs\":[\"InputfieldRepeaterMatrix\"],\"singular\":true,\"created\":1675874263,\"configurable\":3},\"213\":{\"name\":\"AppApi\",\"title\":\"AppApi\",\"version\":\"1.3.4\",\"icon\":\"terminal\",\"requiresVersions\":{\"PHP\":[\">=\",\"8.1.0\"],\"ProcessWire\":[\">=\",\"3.0.98\"]},\"autoload\":true,\"singular\":true,\"created\":1735125626,\"configurable\":\"AppApi.config.php\"},\"187\":{\"name\":\"ProcessCustomUploadNames\",\"title\":\"Custom Upload Names\",\"version\":\"1.3.5\",\"icon\":\"edit\",\"autoload\":true,\"singular\":true,\"created\":1676447674,\"configurable\":3,\"namespace\":\"\\\\\"},\"165\":{\"name\":\"ProcessDatabaseBackups\",\"title\":\"Database Backups\",\"version\":6,\"icon\":\"database\",\"requiresVersions\":{\"ProcessWire\":[\">=\",\"3.0.62\"]},\"permission\":\"db-backup\",\"singular\":1,\"created\":1674133979,\"nav\":[{\"url\":\".\\/\",\"label\":\"View\",\"icon\":\"list\"},{\"url\":\"backup\\/\",\"label\":\"Backup\",\"icon\":\"plus-circle\"},{\"url\":\"upload\\/\",\"label\":\"Upload\",\"icon\":\"cloud-upload\"}]},\"186\":{\"name\":\"TextformatterRockDown\",\"title\":\"RockDown: Markdown-like Textformatter for Headlines\",\"version\":\"1.3.0\",\"singular\":1,\"created\":1675984376},\"164\":{\"name\":\"FileValidatorSvgSanitizer\",\"title\":\"SVG File Sanitizer\\/Validator\",\"version\":5,\"requiresVersions\":{\"ProcessWire\":[\">=\",\"3.0.148\"]},\"created\":1674133955,\"configurable\":\"FileValidatorSvgSanitizer.config.php\",\"validates\":[\"svg\"]}}', '2024-04-28 16:28:31');
INSERT INTO `modules` (`id`, `class`, `flags`, `data`, `created`) VALUES('189', '.ModulesVerbose.info', '8192', '{\"179\":{\"summary\":\"Field that stores a page title in multiple languages. Use this only if you want title inputs created for ALL languages on ALL pages. Otherwise create separate languaged-named title fields, i.e. title_fr, title_es, title_fi, etc. \",\"author\":\"Ryan Cramer\",\"core\":true,\"versionStr\":\"1.0.0\"},\"178\":{\"summary\":\"Field that stores a single line of text in multiple languages\",\"core\":true,\"versionStr\":\"1.0.0\"},\"180\":{\"summary\":\"Field that stores a multiple lines of text in multiple languages\",\"core\":true,\"versionStr\":\"1.0.0\"},\"171\":{\"summary\":\"ProcessWire multi-language support.\",\"author\":\"Ryan Cramer\",\"core\":true,\"versionStr\":\"1.0.4\"},\"177\":{\"summary\":\"Required to use multi-language fields.\",\"author\":\"Ryan Cramer\",\"core\":true,\"versionStr\":\"1.0.1\"},\"173\":{\"summary\":\"Provides language translation capabilities for ProcessWire core and modules.\",\"author\":\"Ryan Cramer\",\"core\":true,\"versionStr\":\"1.0.3\"},\"172\":{\"summary\":\"Systemsprachen verwalten\",\"author\":\"Ryan Cramer\",\"core\":true,\"versionStr\":\"1.0.3\",\"permissions\":{\"lang-edit\":\"Administer languages and static translation files\"}},\"170\":{\"summary\":\"Markdown\\/Parsedown extra lightweight markup language by Emanuil Rusev. Based on Markdown by John Gruber.\",\"core\":true,\"versionStr\":\"1.8.0\"},\"61\":{\"summary\":\"Enkodiert kaufm\\u00e4nnisches Und, Anf\\u00fchrungszeichen (einfach und doppelt) und die Zeichen gr\\u00f6\\u00dfer\\/kleiner als mittels htmlspecialchars(str, ENT_QUOTES) in Entit\\u00e4ten. Es wird empfohlen, dies auf alle Text\\/Textarea-Felder mit Ausnahme derer, die einen Rich-Text-Editor oder eine Markup-Sprache wie Markdown verwenden, anzuwenden.\",\"core\":true,\"versionStr\":\"1.0.0\"},\"117\":{\"summary\":\"jQuery UI as required by ProcessWire and plugins\",\"href\":\"https:\\/\\/ui.jquery.com\",\"core\":true,\"versionStr\":\"1.10.4\"},\"103\":{\"summary\":\"Provides a jQuery plugin for sorting tables.\",\"href\":\"https:\\/\\/mottie.github.io\\/tablesorter\\/\",\"core\":true,\"versionStr\":\"2.31.3\"},\"116\":{\"summary\":\"jQuery Core as required by ProcessWire Admin and plugins\",\"href\":\"https:\\/\\/jquery.com\",\"core\":true,\"versionStr\":\"1.12.4\"},\"45\":{\"summary\":\"Stellt ein jQuery-Plugin bereit, um in ProcessWire Tabs zu erzeugen\",\"core\":true,\"versionStr\":\"1.1.0\"},\"151\":{\"summary\":\"Provides lightbox capability for image galleries. Replacement for FancyBox. Uses Magnific Popup by @dimsemenov.\",\"href\":\"https:\\/\\/github.com\\/dimsemenov\\/Magnific-Popup\\/\",\"core\":true,\"versionStr\":\"1.1.0\"},\"176\":{\"summary\":\"Upgrades image manipulations to use PHP\'s ImageMagick library when possible.\",\"author\":\"Horst Nogajski\",\"core\":true,\"versionStr\":\"0.0.3\"},\"139\":{\"summary\":\"System-Versionen und Upgrades verwalten.\",\"core\":true,\"versionStr\":\"0.2.0\"},\"113\":{\"summary\":\"Adds renderPager() method to all PaginatedArray types, for easy pagination output. Plus a render() method to PageArray instances.\",\"core\":true,\"versionStr\":\"1.0.0\"},\"156\":{\"summary\":\"Front-end to the HTML Purifier library.\",\"core\":true,\"versionStr\":\"4.9.7\"},\"98\":{\"summary\":\"Generates markup for pagination navigation\",\"core\":true,\"versionStr\":\"1.0.5\"},\"67\":{\"summary\":\"Generates markup for data tables used by ProcessWire admin\",\"core\":true,\"versionStr\":\"1.0.7\"},\"115\":{\"summary\":\"F\\u00fcgt Seiten eine Rendering-Methode und Caching der Seitenausgabe hinzu\",\"core\":true,\"versionStr\":\"1.0.5\"},\"57\":{\"summary\":\"Field that stores one or more GIF, JPG, or PNG images\",\"core\":true,\"versionStr\":\"1.0.2\"},\"105\":{\"summary\":\"Open a fieldset to group fields. Should be followed by a Fieldset (Close) after one or more fields.\",\"core\":true,\"versionStr\":\"1.0.1\"},\"6\":{\"summary\":\"Feld, das eine oder mehrere Dateien speichert\",\"core\":true,\"versionStr\":\"1.0.7\"},\"4\":{\"summary\":\"Field that stores one or more references to ProcessWire pages\",\"core\":true,\"versionStr\":\"1.0.7\"},\"1\":{\"summary\":\"Field that stores multiple lines of text\",\"core\":true,\"versionStr\":\"1.0.7\"},\"27\":{\"summary\":\"Field that stores a reference to another module\",\"core\":true,\"versionStr\":\"1.0.2\"},\"182\":{\"summary\":\"Verwaltet eine Sammlung von Feldern, welche beliebig oft wiederholt werden k\\u00f6nnen.\",\"core\":true,\"versionStr\":\"1.1.3\"},\"183\":{\"summary\":\"Wiederholt Felder aus einen anderen Template. Stellt das Eingabefeld f\\u00fcr FieldtypeRepeater bereit.\",\"core\":true,\"versionStr\":\"1.1.1\"},\"111\":{\"summary\":\"Field that stores a page title\",\"core\":true,\"versionStr\":\"1.0.0\"},\"135\":{\"summary\":\"Feld, welches eine URL speichert\",\"core\":true,\"versionStr\":\"1.0.1\"},\"84\":{\"summary\":\"Field that stores an integer\",\"core\":true,\"versionStr\":\"1.0.2\"},\"106\":{\"summary\":\"Close a fieldset opened by FieldsetOpen. \",\"core\":true,\"versionStr\":\"1.0.0\"},\"133\":{\"summary\":\"Field that stores a hashed and salted password\",\"core\":true,\"versionStr\":\"1.0.1\"},\"97\":{\"summary\":\"This Fieldtype stores an ON\\/OFF toggle via a single checkbox. The ON value is 1 and OFF value is 0.\",\"core\":true,\"versionStr\":\"1.0.1\"},\"89\":{\"summary\":\"Feld, das eine Flie\\u00dfkommazahl speichert\",\"core\":true,\"versionStr\":\"1.0.8\"},\"3\":{\"summary\":\"Field that stores a single line of text\",\"core\":true,\"versionStr\":\"1.0.2\"},\"107\":{\"summary\":\"Open a fieldset to group fields. Same as Fieldset (Open) except that it displays in a tab instead.\",\"core\":true,\"versionStr\":\"1.0.0\"},\"29\":{\"summary\":\"Field that stores an e-mail address\",\"core\":true,\"versionStr\":\"1.0.1\"},\"28\":{\"summary\":\"Field that stores a date and optionally time\",\"core\":true,\"versionStr\":\"1.0.5\"},\"160\":{\"summary\":\"Uikit v3 admin theme\",\"core\":true,\"versionStr\":\"0.3.4\"},\"148\":{\"summary\":\"Minimal admin theme that supports all ProcessWire features.\",\"core\":true,\"versionStr\":\"0.1.4\"},\"114\":{\"summary\":\"Adds various permission methods to Page objects that are used by Process modules.\",\"core\":true,\"versionStr\":\"1.0.5\"},\"85\":{\"summary\":\"Integer (positiv oder negativ)\",\"core\":true,\"versionStr\":\"1.0.5\"},\"108\":{\"summary\":\"URL in g\\u00fcltigem Format\",\"core\":true,\"versionStr\":\"1.0.3\"},\"40\":{\"summary\":\"Versteckter Wert in einem Formular\",\"core\":true,\"versionStr\":\"1.0.1\"},\"90\":{\"summary\":\"Flie\\u00dfkommazahl mit Genauigkeit\",\"core\":true,\"versionStr\":\"1.0.5\"},\"38\":{\"summary\":\"Auswahl zwischen mehreren Checkboxen\",\"core\":true,\"versionStr\":\"1.0.8\"},\"36\":{\"summary\":\"Auswahl eines einzelnen Wertes aus einer select-Box\",\"core\":true,\"versionStr\":\"1.0.3\"},\"78\":{\"summary\":\"Gruppiert eines oder mehrere Felder in einem Container\",\"core\":true,\"versionStr\":\"1.0.1\"},\"56\":{\"summary\":\"Ein oder mehrere hochzuladende Bilder (sortierbar)\",\"core\":true,\"versionStr\":\"1.2.9\"},\"35\":{\"summary\":\"Mehrzeiliger Text\",\"core\":true,\"versionStr\":\"1.0.3\"},\"55\":{\"summary\":\"Eine oder mehrere hochzuladende Dateien (sortierbar)\",\"core\":true,\"versionStr\":\"1.2.9\"},\"169\":{\"summary\":\"Ein Umschalter, der \\u00e4hnliche Eingabem\\u00f6glichkeiten wie ein Kontrollk\\u00e4stchen bietet, aber wesentlich konfigurierbarer ist.\",\"core\":true,\"versionStr\":\"0.0.1\"},\"131\":{\"summary\":\"Button als Formular-Element, dem Sie optional ein href-Attribut zuweisen k\\u00f6nnen\",\"core\":true,\"versionStr\":\"1.0.0\"},\"25\":{\"summary\":\"Mehrfach-Auswahl; Progressive Enhancement, um mehrere Elemente auszuw\\u00e4hlen\",\"core\":true,\"versionStr\":\"2.0.3\"},\"60\":{\"summary\":\"Select one or more pages\",\"core\":true,\"versionStr\":\"1.0.9\"},\"80\":{\"summary\":\"E-Mail-Adresse in g\\u00fcltigem Format\",\"core\":true,\"versionStr\":\"1.0.2\"},\"86\":{\"summary\":\"Text input validated as a ProcessWire Page name field\",\"core\":true,\"versionStr\":\"1.0.6\"},\"94\":{\"summary\":\"Eingabefeld f\\u00fcr Datum und optional Uhrzeit.\",\"core\":true,\"versionStr\":\"1.0.8\"},\"155\":{\"summary\":\"CKEditor-Textfeld Rich Text Editor\",\"core\":true,\"versionStr\":\"1.7.2\"},\"34\":{\"summary\":\"Einzelne Textzeile\",\"core\":true,\"versionStr\":\"1.0.6\"},\"37\":{\"summary\":\"Einzelne Checkbox zum Umschalten\",\"core\":true,\"versionStr\":\"1.0.6\"},\"79\":{\"summary\":\"Enth\\u00e4lt beliebiges anderes Markup und optional Kind-Eingabefelder\",\"core\":true,\"versionStr\":\"1.0.2\"},\"43\":{\"summary\":\"Mehrfachauswahl aus einer Liste\",\"core\":true,\"versionStr\":\"1.0.1\"},\"162\":{\"summary\":\"Ein Symbol ausw\\u00e4hlen\",\"core\":true,\"versionStr\":\"0.0.3\"},\"39\":{\"summary\":\"Radio-Buttons, um ein einzelnes Feld auszuw\\u00e4hlen\",\"core\":true,\"versionStr\":\"1.0.6\"},\"112\":{\"summary\":\"Verwaltet die Eingabe des Seitentitels und automatische Erstellung des Seitennamens (wenn Name leer ist)\",\"core\":true,\"versionStr\":\"1.0.2\"},\"122\":{\"summary\":\"Passworteingabe mit Best\\u00e4tigungsfeld, das die Eingabe nicht zur\\u00fcckgibt.\",\"core\":true,\"versionStr\":\"1.0.2\"},\"174\":{\"summary\":\"Mehrfach-Seitenauswahl mit Autovervollst\\u00e4ndigung und Sortierbarkeit. Vorgesehen als Eingabefeld f\\u00fcr Page reference-Felder.\",\"core\":true,\"versionStr\":\"1.1.3\"},\"149\":{\"summary\":\"Build a page finding selector visually.\",\"author\":\"Avoine + ProcessWire\",\"core\":true,\"versionStr\":\"0.2.8\"},\"32\":{\"summary\":\"Button, um Formulare abzusenden\",\"core\":true,\"versionStr\":\"1.0.3\"},\"168\":{\"summary\":\"TinyMCE rich text editor version 6.8.2.\",\"core\":true,\"versionStr\":\"6.1.8\"},\"167\":{\"summary\":\"Erm\\u00f6glicht die Eingabe von vom Benutzer eingegebenen Tags oder die Auswahl vordefinierter Tags.\",\"core\":true,\"versionStr\":\"0.0.7\"},\"30\":{\"summary\":\"Enth\\u00e4lt ein oder mehrere Formularfeld(er)\",\"core\":true,\"versionStr\":\"1.0.7\"},\"15\":{\"summary\":\"Auswahl einer einzelnen Seite aus einem ProcessWire-Seitenbaum\",\"core\":true,\"versionStr\":\"1.0.1\"},\"137\":{\"summary\":\"Auswahl mehrerer Seiten aus einem ProcessWire-Seitenbaum\",\"core\":true,\"versionStr\":\"1.0.3\"},\"41\":{\"summary\":\"Texteingabe, die als Namensfeld in ProcessWire g\\u00fcltig ist\",\"core\":true,\"versionStr\":\"1.0.0\"},\"50\":{\"summary\":\"Module auflisten, bearbeiten oder (de)installieren\",\"core\":true,\"versionStr\":\"1.2.1\"},\"48\":{\"summary\":\"Einzelne Felder bearbeiten, die Seiten-Daten enthalten\",\"core\":true,\"versionStr\":\"1.1.4\",\"searchable\":\"fields\"},\"136\":{\"summary\":\"System-Berechtigungen verwalten\",\"core\":true,\"versionStr\":\"1.0.1\"},\"121\":{\"summary\":\"Provides a link capability as used by some Fieldtype modules (like rich text editors).\",\"core\":true,\"versionStr\":\"1.1.2\"},\"161\":{\"summary\":\"System Protokolle anschauen und verwalten.\",\"author\":\"Ryan Cramer\",\"core\":true,\"versionStr\":\"0.0.2\",\"permissions\":{\"logs-view\":\"Can view system logs\",\"logs-edit\":\"Can manage system logs\"},\"page\":{\"name\":\"logs\",\"parent\":\"setup\",\"title\":\"Logs\"}},\"150\":{\"summary\":\"Admin tool for finding and listing pages by any property.\",\"author\":\"Ryan Cramer\",\"core\":true,\"versionStr\":\"0.2.6\",\"permissions\":{\"page-lister\":\"Use Page Lister\"}},\"87\":{\"summary\":\"Agiert als Platzhalter-Prozess f\\u00fcr die Wurzelseite des Adminbereiches. Stellt die richtige Flow-Kontrolle nach dem Login sicher.\",\"core\":true,\"versionStr\":\"1.0.1\"},\"68\":{\"summary\":\"Benutzerrollen und mit ihnen verkn\\u00fcpfte Berechtigungen verwalten\",\"core\":true,\"versionStr\":\"1.0.4\"},\"83\":{\"summary\":\"Alle Seitenansichten werden durch diesen Prozess geroutet\",\"core\":true,\"versionStr\":\"1.0.6\"},\"104\":{\"summary\":\"Provides a page search engine for admin use.\",\"core\":true,\"versionStr\":\"1.0.8\"},\"12\":{\"summary\":\"List pages in a hierarchical tree structure\",\"core\":true,\"versionStr\":\"1.2.4\"},\"134\":{\"summary\":\"Seiten eines bestimmten Typs auflisten, bearbeiten und hinzuf\\u00fcgen\",\"core\":true,\"versionStr\":\"1.0.1\"},\"7\":{\"summary\":\"Edit a Page\",\"core\":true,\"versionStr\":\"1.1.2\"},\"129\":{\"summary\":\"Provides image manipulation functions for image fields and rich text editors.\",\"core\":true,\"versionStr\":\"1.2.1\"},\"76\":{\"summary\":\"Listet den Prozess auf, der jeder Unterseite der aktuellen Seite zugeordnet ist.\",\"core\":true,\"versionStr\":\"1.0.1\"},\"14\":{\"summary\":\"Handhabt das sortieren und verschieben von Seiten in der Seiten-Liste\",\"core\":true,\"versionStr\":\"1.0.1\"},\"66\":{\"summary\":\"System-Benutzer verwalten\",\"core\":true,\"versionStr\":\"1.0.7\",\"searchable\":\"users\"},\"10\":{\"summary\":\"Login to ProcessWire\",\"core\":true,\"versionStr\":\"1.0.9\"},\"109\":{\"summary\":\"Handhabt das Leeren des Papierkorbs f\\u00fcr Seiten\",\"core\":true,\"versionStr\":\"1.0.3\"},\"159\":{\"summary\":\"Shows a list of recently edited pages in your admin.\",\"author\":\"Ryan Cramer\",\"href\":\"http:\\/\\/modules.processwire.com\\/\",\"core\":true,\"versionStr\":\"0.0.2\",\"permissions\":{\"page-edit-recent\":\"Can see recently edited pages\"},\"page\":{\"name\":\"recent-pages\",\"parent\":\"page\",\"title\":\"Recent\"}},\"47\":{\"summary\":\"Templates auflisten und bearbeiten, die die Seitenausgabe kontrollieren\",\"core\":true,\"versionStr\":\"1.1.4\",\"searchable\":\"templates\"},\"17\":{\"summary\":\"Eine neue Seite hinzuf\\u00fcgen\",\"core\":true,\"versionStr\":\"1.0.9\"},\"138\":{\"summary\":\"Erlaubt dem Benutzer, Passwort, E-Mail-Adresse und andere Einstellungen zu \\u00e4ndern, die Sie vorgeben.\",\"core\":true,\"versionStr\":\"1.0.5\"},\"125\":{\"summary\":\"Throttles login attempts to help prevent dictionary attacks.\",\"core\":true,\"versionStr\":\"1.0.3\"},\"185\":{\"summary\":\"Commercial module (Inputfield) providing multi-type repeaters.\",\"href\":\"https:\\/\\/processwire.com\\/store\\/pro-fields\\/\",\"versionStr\":\"0.0.9\"},\"184\":{\"summary\":\"Commercial module (Fieldtype) providing multi-type repeaters.\",\"versionStr\":\"0.0.9\"},\"213\":{\"summary\":\"Module to create a REST API with ProcessWire\",\"author\":\"Sebastian Schendel\",\"href\":\"https:\\/\\/modules.processwire.com\\/modules\\/app-api\\/\",\"versionStr\":\"1.3.4\",\"permissions\":{\"appapi_manage_applications\":\"Manage AppApi settings\"},\"page\":{\"name\":\"appapi\",\"parent\":\"setup\",\"title\":\"AppApi\",\"icon\":\"terminal\"}},\"187\":{\"summary\":\"Automatically rename file\\/image uploads according to a configurable format\",\"author\":\"Adrian Jones\",\"href\":\"http:\\/\\/modules.processwire.com\\/modules\\/process-custom-upload-names\\/\",\"versionStr\":\"1.3.5\"},\"165\":{\"summary\":\"Create and\\/or restore database backups from ProcessWire admin.\",\"author\":\"Ryan Cramer\",\"versionStr\":\"0.0.6\",\"permissions\":{\"db-backup\":\"Manage database backups (recommended for superuser only)\"},\"page\":{\"name\":\"db-backups\",\"parent\":\"setup\",\"title\":\"DB Backups\"}},\"186\":{\"summary\":\"ProcessWire Textformatter for simple markdown style text formatting (*bold*, _italic_, ~strike~, ```mono```)\",\"versionStr\":\"1.3.0\"},\"164\":{\"summary\":\"Validates and\\/or sanitizes uploaded SVG files.\",\"author\":\"Adrian and Ryan\",\"versionStr\":\"0.0.5\"}}', '2024-04-28 16:28:31');
INSERT INTO `modules` (`id`, `class`, `flags`, `data`, `created`) VALUES('190', '.ModulesUninstalled.info', '8192', '{\"PageFrontEdit\":{\"name\":\"PageFrontEdit\",\"title\":\"Front-End Page Editor\",\"version\":6,\"versionStr\":\"0.0.6\",\"author\":\"Ryan Cramer\",\"summary\":\"Enables front-end editing of page fields.\",\"icon\":\"cube\",\"permissions\":{\"page-edit-front\":\"Use the front-end page editor\"},\"autoload\":true,\"created\":1739545803,\"installed\":false,\"configurable\":\"PageFrontEditConfig.php\",\"core\":true,\"license\":\"MPL 2.0\"},\"LanguageTabs\":{\"name\":\"LanguageTabs\",\"title\":\"Languages Support - Tabs\",\"version\":117,\"versionStr\":\"1.1.7\",\"author\":\"adamspruijt, ryan, flipzoom\",\"summary\":\"Organizes multi-language fields into tabs for a cleaner easier to use interface.\",\"requiresVersions\":{\"LanguageSupport\":[\">=\",0]},\"autoload\":\"template=admin\",\"singular\":true,\"created\":1739545803,\"installed\":false,\"configurable\":4,\"core\":true},\"LanguageSupportPageNames\":{\"name\":\"LanguageSupportPageNames\",\"title\":\"Languages Support - Page Names\",\"version\":14,\"versionStr\":\"0.1.4\",\"author\":\"Ryan Cramer\",\"summary\":\"Required to use multi-language page names.\",\"requiresVersions\":{\"LanguageSupport\":[\">=\",0],\"LanguageSupportFields\":[\">=\",0]},\"autoload\":true,\"singular\":true,\"created\":1739545803,\"installed\":false,\"configurable\":4,\"core\":true},\"TextformatterSmartypants\":{\"name\":\"TextformatterSmartypants\",\"title\":\"SmartyPants Typographer\",\"version\":171,\"versionStr\":\"1.7.1\",\"summary\":\"Smart typography for web sites, by Michel Fortin based on SmartyPants by John Gruber. If combined with Markdown, it should be applied AFTER Markdown.\",\"created\":1739545803,\"installed\":false,\"configurable\":4,\"core\":true,\"url\":\"https:\\/\\/github.com\\/michelf\\/php-smartypants\"},\"TextformatterPstripper\":{\"name\":\"TextformatterPstripper\",\"title\":\"Paragraph Stripper\",\"version\":100,\"versionStr\":\"1.0.0\",\"summary\":\"Strips paragraph <p> tags that may have been applied by other text formatters before it. \",\"created\":1739545803,\"installed\":false,\"core\":true},\"TextformatterStripTags\":{\"name\":\"TextformatterStripTags\",\"title\":\"Strip Markup Tags\",\"version\":100,\"versionStr\":\"1.0.0\",\"summary\":\"Strips HTML\\/XHTML Markup Tags\",\"created\":1739545803,\"installed\":false,\"configurable\":3,\"core\":true},\"TextformatterNewlineBR\":{\"name\":\"TextformatterNewlineBR\",\"title\":\"Newlines to XHTML Line Breaks\",\"version\":100,\"versionStr\":\"1.0.0\",\"summary\":\"Converts newlines to XHTML line break <br \\/> tags. \",\"created\":1739545803,\"installed\":false,\"core\":true},\"TextformatterNewlineUL\":{\"name\":\"TextformatterNewlineUL\",\"title\":\"Newlines to Unordered List\",\"version\":100,\"versionStr\":\"1.0.0\",\"summary\":\"Converts newlines to <li> list items and surrounds in an <ul> unordered list. \",\"created\":1739545803,\"installed\":false,\"core\":true},\"PagePathHistory\":{\"name\":\"PagePathHistory\",\"title\":\"Page Path History\",\"version\":8,\"versionStr\":\"0.0.8\",\"summary\":\"Keeps track of past URLs where pages have lived and automatically redirects (301 permanent) to the new location whenever the past URL is accessed.\",\"autoload\":true,\"singular\":true,\"created\":1739545803,\"installed\":false,\"configurable\":4,\"core\":true},\"LazyCron\":{\"name\":\"LazyCron\",\"title\":\"Lazy Cron\",\"version\":104,\"versionStr\":\"1.0.4\",\"summary\":\"Provides hooks that are automatically executed at various intervals. It is called \'lazy\' because it\'s triggered by a pageview, so the interval is guaranteed to be at least the time requested, rather than exactly the time requested. This is fine for most cases, but you can make it not lazy by connecting this to a real CRON job. See the module file for details. \",\"href\":\"https:\\/\\/processwire.com\\/api\\/modules\\/lazy-cron\\/\",\"autoload\":true,\"singular\":true,\"created\":1739545803,\"installed\":false,\"core\":true},\"ImageSizerEngineAnimatedGif\":{\"name\":\"ImageSizerEngineAnimatedGif\",\"title\":\"Animated GIF Image Sizer\",\"version\":1,\"versionStr\":\"0.0.1\",\"author\":\"Horst Nogajski\",\"summary\":\"Upgrades image manipulations for animated GIFs.\",\"created\":1739545803,\"installed\":false,\"configurable\":4,\"core\":true},\"SystemNotifications\":{\"name\":\"SystemNotifications\",\"title\":\"System Notifications\",\"version\":12,\"versionStr\":\"0.1.2\",\"summary\":\"Adds support for notifications in ProcessWire (currently in development)\",\"icon\":\"bell\",\"installs\":[\"FieldtypeNotifications\"],\"autoload\":true,\"created\":1739545803,\"installed\":false,\"configurable\":\"SystemNotificationsConfig.php\",\"core\":true},\"FieldtypeNotifications\":{\"name\":\"FieldtypeNotifications\",\"title\":\"Notifications\",\"version\":4,\"versionStr\":\"0.0.4\",\"summary\":\"Field that stores user notifications.\",\"requiresVersions\":{\"SystemNotifications\":[\">=\",0]},\"created\":1739545803,\"installed\":false,\"core\":true},\"MarkupCache\":{\"name\":\"MarkupCache\",\"title\":\"Markup Cache\",\"version\":101,\"versionStr\":\"1.0.1\",\"summary\":\"A simple way to cache segments of markup in your templates. \",\"href\":\"https:\\/\\/processwire.com\\/api\\/modules\\/markupcache\\/\",\"autoload\":true,\"singular\":true,\"created\":1739545803,\"installed\":false,\"configurable\":3,\"core\":true},\"MarkupPageFields\":{\"name\":\"MarkupPageFields\",\"title\":\"Markup Page Fields\",\"version\":100,\"versionStr\":\"1.0.0\",\"summary\":\"Adds $page->renderFields() and $page->images->render() methods that return basic markup for output during development and debugging.\",\"autoload\":true,\"singular\":true,\"created\":1739545803,\"installed\":false,\"core\":true,\"permanent\":true},\"MarkupRSS\":{\"name\":\"MarkupRSS\",\"title\":\"Markup RSS Feed\",\"version\":105,\"versionStr\":\"1.0.5\",\"summary\":\"Renders an RSS feed. Given a PageArray, renders an RSS feed of them.\",\"icon\":\"rss-square\",\"created\":1739545803,\"installed\":false,\"configurable\":3,\"core\":true},\"FieldtypeCache\":{\"name\":\"FieldtypeCache\",\"title\":\"Cache\",\"version\":102,\"versionStr\":\"1.0.2\",\"summary\":\"Caches the values of other fields for fewer runtime queries. Can also be used to combine multiple text fields and have them all be searchable under the cached field name.\",\"created\":1739545803,\"installed\":false,\"core\":true},\"FieldtypePageTable\":{\"name\":\"FieldtypePageTable\",\"title\":\"ProFields: Page Table\",\"version\":8,\"versionStr\":\"0.0.8\",\"summary\":\"A fieldtype containing a group of editable pages.\",\"installs\":[\"InputfieldPageTable\"],\"autoload\":true,\"created\":1739545803,\"installed\":false,\"core\":true},\"FieldtypeFieldsetPage\":{\"name\":\"FieldtypeFieldsetPage\",\"title\":\"Fieldset (Seite)\",\"version\":1,\"versionStr\":\"0.0.1\",\"summary\":\"Fieldset mit Feldern, die getrennt sind, um den Namensraum zu trennen (Seite), um die Wiederverwendung von Feldern zu erm\\u00f6glichen.\",\"requiresVersions\":{\"FieldtypeRepeater\":[\">=\",0]},\"autoload\":true,\"created\":1739545803,\"installed\":false,\"configurable\":3,\"core\":true},\"FieldtypeDecimal\":{\"name\":\"FieldtypeDecimal\",\"title\":\"Dezimal\",\"version\":1,\"versionStr\":\"0.0.1\",\"summary\":\"Feld, das eine Dezimalzahl speichert\",\"created\":1739545803,\"installed\":false,\"core\":true},\"FieldtypeOptions\":{\"name\":\"FieldtypeOptions\",\"title\":\"Select Options\",\"version\":2,\"versionStr\":\"0.0.2\",\"summary\":\"Feld welches Einzel- und Mehrfachauswahl-Optionen speichert.\",\"created\":1739545803,\"installed\":false,\"core\":true},\"FieldtypeSelector\":{\"name\":\"FieldtypeSelector\",\"title\":\"Selector\",\"version\":13,\"versionStr\":\"0.1.3\",\"author\":\"Avoine + ProcessWire\",\"summary\":\"Build a page finding selector visually.\",\"created\":1739545803,\"installed\":false,\"core\":true},\"FieldtypeComments\":{\"name\":\"FieldtypeComments\",\"title\":\"Kommentare (Comments)\",\"version\":110,\"versionStr\":\"1.1.0\",\"summary\":\"Feld welches Kommentare von Nutzern zu einer einzelnen Seite speichert.\",\"installs\":[\"InputfieldCommentsAdmin\"],\"created\":1739545803,\"installed\":false,\"core\":true},\"InputfieldCommentsAdmin\":{\"name\":\"InputfieldCommentsAdmin\",\"title\":\"Administrator Kommentare\",\"version\":104,\"versionStr\":\"1.0.4\",\"summary\":\"Bietet ein administratives Interface zur Arbeit mit Kommentaren.\",\"requiresVersions\":{\"FieldtypeComments\":[\">=\",0]},\"created\":1739545803,\"installed\":false,\"core\":true},\"CommentFilterAkismet\":{\"name\":\"CommentFilterAkismet\",\"title\":\"Kommentar-Filter: Akismet\",\"version\":200,\"versionStr\":\"2.0.0\",\"summary\":\"Nutzt den Akismet-Service um Kommentarspam zu identifizieren. Modul-Plugin f\\u00fcr den Feldtyp Kommentar.\",\"requiresVersions\":{\"FieldtypeComments\":[\">=\",0]},\"created\":1739545803,\"installed\":false,\"configurable\":3,\"core\":true},\"FieldtypeToggle\":{\"name\":\"FieldtypeToggle\",\"title\":\"Umschalter (Ja\\/Nein)\",\"version\":1,\"versionStr\":\"0.0.1\",\"summary\":\"Konfigurierbares Ja\\/Nein, Ein-\\/Ausschalten als Alternative zu einem Kontrollk\\u00e4stchen, plus optionale &quot;andere&quot; Option.\",\"requiresVersions\":{\"InputfieldToggle\":[\">=\",0]},\"created\":1739545803,\"installed\":false,\"core\":true},\"AdminThemeReno\":{\"name\":\"AdminThemeReno\",\"title\":\"Reno\",\"version\":17,\"versionStr\":\"0.1.7\",\"author\":\"Tom Reno (Renobird)\",\"summary\":\"Admin theme for ProcessWire 2.5+ by Tom Reno (Renobird)\",\"requiresVersions\":{\"AdminThemeDefault\":[\">=\",0]},\"autoload\":\"template=admin\",\"created\":1739545803,\"installed\":false,\"configurable\":3,\"core\":true},\"InputfieldPageTable\":{\"name\":\"InputfieldPageTable\",\"title\":\"ProFields: Page Table\",\"version\":14,\"versionStr\":\"0.1.4\",\"summary\":\"Eingabefeld erg\\u00e4nzend zu FieldtypePageTable\",\"requiresVersions\":{\"FieldtypePageTable\":[\">=\",0]},\"created\":1739545803,\"installed\":false,\"core\":true},\"PagePaths\":{\"name\":\"PagePaths\",\"title\":\"Page Paths\",\"version\":4,\"versionStr\":\"0.0.4\",\"summary\":\"Enables page paths\\/urls to be queryable by selectors. Also offers potential for improved load performance. Builds an index at install (may take time on a large site).\",\"autoload\":true,\"singular\":true,\"created\":1739545803,\"installed\":false,\"configurable\":4,\"core\":true},\"FileCompilerTags\":{\"name\":\"FileCompilerTags\",\"title\":\"Tags File Compiler\",\"version\":1,\"versionStr\":\"0.0.1\",\"summary\":\"Enables {var} or {var.property} variables in markup sections of a file. Can be used with any API variable.\",\"created\":1739545803,\"installed\":false,\"configurable\":4,\"core\":true},\"ProcessPageClone\":{\"name\":\"ProcessPageClone\",\"title\":\"Seite klonen\",\"version\":106,\"versionStr\":\"1.0.6\",\"summary\":\"Stellt die M\\u00f6glichkeit bereit, Seiten im Admin-Bereich zu klonen\\/kopieren\\/duplizieren. F\\u00fcgt allen passenden Seiten in der PageList eine Option &quot;kopieren&quot; hinzu.\",\"permission\":\"page-clone\",\"permissions\":{\"page-clone\":\"Clone a page\",\"page-clone-tree\":\"Clone a tree of pages\"},\"autoload\":\"template=admin\",\"created\":1739545803,\"installed\":false,\"configurable\":4,\"core\":true,\"page\":{\"name\":\"clone\",\"title\":\"Clone\",\"parent\":\"page\",\"status\":1024}},\"ProcessForgotPassword\":{\"name\":\"ProcessForgotPassword\",\"title\":\"Passwort vergessen\",\"version\":104,\"versionStr\":\"1.0.4\",\"summary\":\"Erm\\u00f6glicht das Zur\\u00fccksetzen des Passworts\\/der E-Mail f\\u00fcr den Login.\",\"permission\":\"page-view\",\"created\":1739545803,\"installed\":false,\"configurable\":4,\"core\":true},\"ProcessCommentsManager\":{\"name\":\"ProcessCommentsManager\",\"title\":\"Kommentare\",\"version\":12,\"versionStr\":\"0.1.2\",\"author\":\"Ryan Cramer\",\"summary\":\"Verwalten Sie Kommentare auf Ihrer Website au\\u00dferhalb des Seiteneditors.\",\"icon\":\"comments\",\"requiresVersions\":{\"FieldtypeComments\":[\">=\",0]},\"permission\":\"comments-manager\",\"permissions\":{\"comments-manager\":\"Use the comments manager\"},\"created\":1739545803,\"installed\":false,\"searchable\":\"comments\",\"core\":true,\"page\":{\"name\":\"comments\",\"parent\":\"setup\",\"title\":\"Comments\"},\"nav\":[{\"url\":\"?go=approved\",\"label\":\"Best\\u00e4tigt\"},{\"url\":\"?go=pending\",\"label\":\"Wartet\"},{\"url\":\"?go=spam\",\"label\":\"Spam\"},{\"url\":\"?go=all\",\"label\":\"Alle\"}]},\"ProcessPagesExportImport\":{\"name\":\"ProcessPagesExportImport\",\"title\":\"Pages Export\\/Import\",\"version\":1,\"versionStr\":\"0.0.1\",\"author\":\"Ryan Cramer\",\"summary\":\"Enables exporting and importing of pages. Development version, not yet recommended for production use.\",\"icon\":\"paper-plane-o\",\"permission\":\"page-edit-export\",\"created\":1739545803,\"installed\":false,\"core\":true,\"page\":{\"name\":\"export-import\",\"parent\":\"page\",\"title\":\"Export\\/Import\"}},\"ProcessSessionDB\":{\"name\":\"ProcessSessionDB\",\"title\":\"Sessions\",\"version\":5,\"versionStr\":\"0.0.5\",\"summary\":\"Erm\\u00f6glicht ihnen, die aktiven Datenbank Sessions zu durchsuchen\",\"icon\":\"dashboard\",\"requiresVersions\":{\"SessionHandlerDB\":[\">=\",0]},\"created\":1739545803,\"installed\":false,\"core\":true,\"page\":{\"name\":\"sessions-db\",\"parent\":\"access\",\"title\":\"Sessions\"}},\"SessionHandlerDB\":{\"name\":\"SessionHandlerDB\",\"title\":\"Session Handler Database\",\"version\":6,\"versionStr\":\"0.0.6\",\"summary\":\"Installing this module makes ProcessWire store sessions in the database rather than the file system. Note that this module will log you out after install or uninstall.\",\"installs\":[\"ProcessSessionDB\"],\"created\":1739545803,\"installed\":false,\"configurable\":3,\"core\":true},\"GithubRepositoryDispatch\":{\"name\":\"GithubRepositoryDispatch\",\"title\":\"Github Repository Dispatch\",\"version\":\"0.0.1\",\"versionStr\":\"0.0.1\",\"author\":\"Daniel Stutz, Thomas Aull\",\"summary\":\"A small helper module to trigger a Github event called repository_dispatch.\",\"href\":\"https:\\/\\/docs.github.com\\/en\\/rest\\/repos\\/repos#create-a-repository-dispatch-event\",\"requiresVersions\":{\"PHP\":[\">=\",\"7.2.0\"],\"ProcessWire\":[\">=\",\"3.0.123\"]},\"installs\":[\"LazyCron\"],\"autoload\":true,\"singular\":true,\"created\":1765475399,\"installed\":false,\"configurable\":\"GithubRepositoryDispatch.config.php\"},\"AppApi\":{\"name\":\"AppApi\",\"title\":\"AppApi\",\"version\":\"1.3.2\",\"versionStr\":\"1.3.2\",\"author\":\"Sebastian Schendel\",\"summary\":\"Module to create a REST API with ProcessWire\",\"href\":\"https:\\/\\/modules.processwire.com\\/modules\\/app-api\\/\",\"icon\":\"terminal\",\"requiresVersions\":{\"PHP\":[\">=\",\"7.2.0\"],\"ProcessWire\":[\">=\",\"3.0.98\"]},\"permissions\":{\"appapi_manage_applications\":\"Manage AppApi settings\"},\"autoload\":true,\"singular\":true,\"created\":1735122024,\"installed\":false,\"configurable\":\"AppApi.config.php\",\"page\":{\"name\":\"appapi\",\"parent\":\"setup\",\"title\":\"AppApi\",\"icon\":\"terminal\"}},\"PagesVersions\":{\"name\":\"PagesVersions\",\"title\":\"Pages Versions\",\"version\":2,\"versionStr\":\"0.0.2\",\"author\":\"Ryan Cramer\",\"summary\":\"Provides a version control API for pages in ProcessWire.\",\"icon\":\"code-fork\",\"autoload\":true,\"singular\":true,\"created\":1739545803,\"installed\":false,\"core\":true}}', '2024-04-28 16:28:31');
INSERT INTO `modules` (`id`, `class`, `flags`, `data`, `created`) VALUES('191', '.ModulesVersions.info', '8192', '{\"185\":8,\"173\":102,\"151\":1,\"56\":125,\"80\":101,\"174\":112,\"167\":5,\"121\":109,\"104\":107,\"129\":120,\"55\":128,\"60\":108,\"155\":171,\"168\":616,\"14\":100}', '2024-04-28 16:28:31');
INSERT INTO `modules` (`id`, `class`, `flags`, `data`, `created`) VALUES('193', '.Modules.wire/modules/', '8192', 'Page/PageFrontEdit/PageFrontEdit.module\nLanguageSupport/FieldtypePageTitleLanguage.module\nLanguageSupport/LanguageSupportFields.module\nLanguageSupport/FieldtypeTextLanguage.module\nLanguageSupport/LanguageTabs.module\nLanguageSupport/FieldtypeTextareaLanguage.module\nLanguageSupport/LanguageSupport.module\nLanguageSupport/LanguageSupportPageNames.module\nLanguageSupport/ProcessLanguageTranslator.module\nLanguageSupport/ProcessLanguage.module\nTextformatter/TextformatterSmartypants/TextformatterSmartypants.module\nTextformatter/TextformatterMarkdownExtra/TextformatterMarkdownExtra.module\nTextformatter/TextformatterPstripper.module\nTextformatter/TextformatterStripTags.module\nTextformatter/TextformatterEntities.module\nTextformatter/TextformatterNewlineBR.module\nTextformatter/TextformatterNewlineUL.module\nPagePathHistory.module\nJquery/JqueryUI/JqueryUI.module\nJquery/JqueryTableSorter/JqueryTableSorter.module\nJquery/JqueryCore/JqueryCore.module\nJquery/JqueryWireTabs/JqueryWireTabs.module\nJquery/JqueryMagnific/JqueryMagnific.module\nLazyCron.module\nImage/ImageSizerEngineIMagick/ImageSizerEngineIMagick.module\nImage/ImageSizerEngineAnimatedGif/ImageSizerEngineAnimatedGif.module\nSystem/SystemUpdater/SystemUpdater.module\nSystem/SystemNotifications/SystemNotifications.module\nSystem/SystemNotifications/FieldtypeNotifications.module\nMarkup/MarkupCache.module\nMarkup/MarkupPageArray.module\nMarkup/MarkupHTMLPurifier/MarkupHTMLPurifier.module\nMarkup/MarkupPagerNav/MarkupPagerNav.module\nMarkup/MarkupPageFields.module\nMarkup/MarkupAdminDataTable/MarkupAdminDataTable.module\nMarkup/MarkupRSS.module\nPageRender.module\nFieldtype/FieldtypeImage/FieldtypeImage.module\nFieldtype/FieldtypeFieldsetOpen.module\nFieldtype/FieldtypeCache.module\nFieldtype/FieldtypeFile/FieldtypeFile.module\nFieldtype/FieldtypePage.module\nFieldtype/FieldtypeTextarea.module\nFieldtype/FieldtypePageTable.module\nFieldtype/FieldtypeModule.module\nFieldtype/FieldtypeRepeater/FieldtypeFieldsetPage.module\nFieldtype/FieldtypeRepeater/FieldtypeRepeater.module\nFieldtype/FieldtypeRepeater/InputfieldRepeater.module\nFieldtype/FieldtypePageTitle.module\nFieldtype/FieldtypeURL.module\nFieldtype/FieldtypeInteger.module\nFieldtype/FieldtypeDecimal.module\nFieldtype/FieldtypeFieldsetClose.module\nFieldtype/FieldtypeOptions/FieldtypeOptions.module\nFieldtype/FieldtypePassword.module\nFieldtype/FieldtypeCheckbox.module\nFieldtype/FieldtypeFloat.module\nFieldtype/FieldtypeSelector.module\nFieldtype/FieldtypeComments/FieldtypeComments.module\nFieldtype/FieldtypeComments/InputfieldCommentsAdmin.module\nFieldtype/FieldtypeComments/CommentFilterAkismet.module\nFieldtype/FieldtypeText.module\nFieldtype/FieldtypeFieldsetTabOpen.module\nFieldtype/FieldtypeToggle.module\nFieldtype/FieldtypeEmail.module\nFieldtype/FieldtypeDatetime.module\nAdminTheme/AdminThemeReno/AdminThemeReno.module\nAdminTheme/AdminThemeUikit/AdminThemeUikit.module\nAdminTheme/AdminThemeDefault/AdminThemeDefault.module\nPagePermissions.module\nInputfield/InputfieldInteger.module\nInputfield/InputfieldURL.module\nInputfield/InputfieldHidden.module\nInputfield/InputfieldPageTable/InputfieldPageTable.module\nInputfield/InputfieldFloat.module\nInputfield/InputfieldCheckboxes/InputfieldCheckboxes.module\nInputfield/InputfieldSelect.module\nInputfield/InputfieldFieldset.module\nInputfield/InputfieldImage/InputfieldImage.module\nInputfield/InputfieldTextarea.module\nInputfield/InputfieldFile/InputfieldFile.module\nInputfield/InputfieldToggle/InputfieldToggle.module\nInputfield/InputfieldButton.module\nInputfield/InputfieldAsmSelect/InputfieldAsmSelect.module\nInputfield/InputfieldPage/InputfieldPage.module\nInputfield/InputfieldEmail.module\nInputfield/InputfieldPageName/InputfieldPageName.module\nInputfield/InputfieldDatetime/InputfieldDatetime.module\nInputfield/InputfieldCKEditor/InputfieldCKEditor.module\nInputfield/InputfieldText/InputfieldText.module\nInputfield/InputfieldCheckbox/InputfieldCheckbox.module\nInputfield/InputfieldMarkup.module\nInputfield/InputfieldSelectMultiple.module\nInputfield/InputfieldIcon/InputfieldIcon.module\nInputfield/InputfieldRadios/InputfieldRadios.module\nInputfield/InputfieldPageTitle/InputfieldPageTitle.module\nInputfield/InputfieldPassword/InputfieldPassword.module\nInputfield/InputfieldPageAutocomplete/InputfieldPageAutocomplete.module\nInputfield/InputfieldSelector/InputfieldSelector.module\nInputfield/InputfieldSubmit/InputfieldSubmit.module\nInputfield/InputfieldTinyMCE/InputfieldTinyMCE.module.php\nInputfield/InputfieldTextTags/InputfieldTextTags.module\nInputfield/InputfieldForm.module\nInputfield/InputfieldPageListSelect/InputfieldPageListSelect.module\nInputfield/InputfieldPageListSelect/InputfieldPageListSelectMultiple.module\nInputfield/InputfieldName.module\nPages/PagesVersions/PagesVersions.module.php\nPagePaths.module\nFileCompilerTags.module\nProcess/ProcessModule/ProcessModule.module\nProcess/ProcessPageClone.module\nProcess/ProcessField/ProcessField.module\nProcess/ProcessPermission/ProcessPermission.module\nProcess/ProcessForgotPassword/ProcessForgotPassword.module\nProcess/ProcessPageEditLink/ProcessPageEditLink.module\nProcess/ProcessLogger/ProcessLogger.module\nProcess/ProcessPageLister/ProcessPageLister.module\nProcess/ProcessHome.module\nProcess/ProcessRole/ProcessRole.module\nProcess/ProcessPageView.module\nProcess/ProcessPageSearch/ProcessPageSearch.module\nProcess/ProcessPageList/ProcessPageList.module\nProcess/ProcessPageType/ProcessPageType.module\nProcess/ProcessPageEdit/ProcessPageEdit.module\nProcess/ProcessPageEditImageSelect/ProcessPageEditImageSelect.module\nProcess/ProcessCommentsManager/ProcessCommentsManager.module\nProcess/ProcessList.module\nProcess/ProcessPageSort.module\nProcess/ProcessUser/ProcessUser.module\nProcess/ProcessPagesExportImport/ProcessPagesExportImport.module\nProcess/ProcessLogin/ProcessLogin.module\nProcess/ProcessPageTrash.module\nProcess/ProcessRecentPages/ProcessRecentPages.module\nProcess/ProcessTemplate/ProcessTemplate.module\nProcess/ProcessPageAdd/ProcessPageAdd.module\nProcess/ProcessProfile/ProcessProfile.module\nSession/SessionLoginThrottle/SessionLoginThrottle.module\nSession/SessionHandlerDB/ProcessSessionDB.module\nSession/SessionHandlerDB/SessionHandlerDB.module', '2024-04-28 16:28:31');
INSERT INTO `modules` (`id`, `class`, `flags`, `data`, `created`) VALUES('194', '.Modules.site/modules/', '8192', 'FieldtypeRepeaterMatrix/InputfieldRepeaterMatrix.module\nFieldtypeRepeaterMatrix/FieldtypeRepeaterMatrix.module\nGithubRepositoryDispatch/GithubRepositoryDispatch.module.php\nAppApi/AppApi.module.php\nProcessCustomUploadNames/ProcessCustomUploadNames.module.php\nProcessDatabaseBackups/ProcessDatabaseBackups.module\nTextformatterRockDown/TextformatterRockDown.module.php\nInputfieldTinyMCE/InputfieldTinyMCE.module.php\nFileValidatorSvgSanitizer/FileValidatorSvgSanitizer.module.php', '2024-04-28 16:28:31');
INSERT INTO `modules` (`id`, `class`, `flags`, `data`, `created`) VALUES('213', 'AppApi', '3', '{\"endpoint\":\"api\",\"routes_path\":\"site\\/templates\\/api\\/Routes.php\",\"access_logging\":\"\",\"deactivate_url_hook\":1}', '2024-12-25 11:20:26');

DROP TABLE IF EXISTS `pages`;
CREATE TABLE `pages` (
  `id` int(10) unsigned NOT NULL AUTO_INCREMENT,
  `parent_id` int(11) unsigned NOT NULL DEFAULT '0',
  `templates_id` int(11) unsigned NOT NULL DEFAULT '0',
  `name` varchar(128) CHARACTER SET ascii NOT NULL,
  `status` int(10) unsigned NOT NULL DEFAULT '1',
  `modified` timestamp NOT NULL DEFAULT CURRENT_TIMESTAMP,
  `modified_users_id` int(10) unsigned NOT NULL DEFAULT '2',
  `created` timestamp NOT NULL DEFAULT '2015-12-18 06:09:00',
  `created_users_id` int(10) unsigned NOT NULL DEFAULT '2',
  `published` datetime DEFAULT NULL,
  `sort` int(11) NOT NULL DEFAULT '0',
  PRIMARY KEY (`id`),
  UNIQUE KEY `name_parent_id` (`name`,`parent_id`),
  KEY `parent_id` (`parent_id`),
  KEY `templates_id` (`templates_id`),
  KEY `modified` (`modified`),
  KEY `created` (`created`),
  KEY `status` (`status`),
  KEY `published` (`published`)
) ENGINE=InnoDB AUTO_INCREMENT=1040 DEFAULT CHARSET=utf8mb4;

INSERT INTO `pages` (`id`, `parent_id`, `templates_id`, `name`, `status`, `modified`, `modified_users_id`, `created`, `created_users_id`, `published`, `sort`) VALUES('1', '0', '1', 'home', '9', '2023-02-15 13:04:59', '41', '2023-01-19 13:04:50', '41', '2023-01-19 13:04:50', '0');
INSERT INTO `pages` (`id`, `parent_id`, `templates_id`, `name`, `status`, `modified`, `modified_users_id`, `created`, `created_users_id`, `published`, `sort`) VALUES('2', '1', '2', 'manage', '1035', '2025-12-11 19:00:29', '40', '2023-01-19 13:04:50', '41', '2023-01-19 13:04:50', '5');
INSERT INTO `pages` (`id`, `parent_id`, `templates_id`, `name`, `status`, `modified`, `modified_users_id`, `created`, `created_users_id`, `published`, `sort`) VALUES('3', '2', '2', 'page', '21', '2023-01-19 13:04:50', '41', '2023-01-19 13:04:50', '41', '2023-01-19 13:04:50', '0');
INSERT INTO `pages` (`id`, `parent_id`, `templates_id`, `name`, `status`, `modified`, `modified_users_id`, `created`, `created_users_id`, `published`, `sort`) VALUES('6', '3', '2', 'add', '21', '2023-01-19 13:05:11', '40', '2023-01-19 13:04:50', '41', '2023-01-19 13:04:50', '1');
INSERT INTO `pages` (`id`, `parent_id`, `templates_id`, `name`, `status`, `modified`, `modified_users_id`, `created`, `created_users_id`, `published`, `sort`) VALUES('7', '1', '2', 'trash', '1039', '2023-01-19 13:04:50', '41', '2023-01-19 13:04:50', '41', '2023-01-19 13:04:50', '6');
INSERT INTO `pages` (`id`, `parent_id`, `templates_id`, `name`, `status`, `modified`, `modified_users_id`, `created`, `created_users_id`, `published`, `sort`) VALUES('8', '3', '2', 'list', '21', '2023-01-19 13:05:13', '41', '2023-01-19 13:04:50', '41', '2023-01-19 13:04:50', '0');
INSERT INTO `pages` (`id`, `parent_id`, `templates_id`, `name`, `status`, `modified`, `modified_users_id`, `created`, `created_users_id`, `published`, `sort`) VALUES('9', '3', '2', 'sort', '1047', '2023-01-19 13:04:50', '41', '2023-01-19 13:04:50', '41', '2023-01-19 13:04:50', '3');
INSERT INTO `pages` (`id`, `parent_id`, `templates_id`, `name`, `status`, `modified`, `modified_users_id`, `created`, `created_users_id`, `published`, `sort`) VALUES('10', '3', '2', 'edit', '1045', '2023-01-19 13:05:12', '41', '2023-01-19 13:04:50', '41', '2023-01-19 13:04:50', '4');
INSERT INTO `pages` (`id`, `parent_id`, `templates_id`, `name`, `status`, `modified`, `modified_users_id`, `created`, `created_users_id`, `published`, `sort`) VALUES('11', '22', '2', 'template', '21', '2023-01-19 13:04:50', '41', '2023-01-19 13:04:50', '41', '2023-01-19 13:04:50', '0');
INSERT INTO `pages` (`id`, `parent_id`, `templates_id`, `name`, `status`, `modified`, `modified_users_id`, `created`, `created_users_id`, `published`, `sort`) VALUES('16', '22', '2', 'field', '21', '2023-01-19 13:04:50', '41', '2023-01-19 13:04:50', '41', '2023-01-19 13:04:50', '2');
INSERT INTO `pages` (`id`, `parent_id`, `templates_id`, `name`, `status`, `modified`, `modified_users_id`, `created`, `created_users_id`, `published`, `sort`) VALUES('21', '2', '2', 'module', '21', '2023-01-19 13:04:50', '41', '2023-01-19 13:04:50', '41', '2023-01-19 13:04:50', '2');
INSERT INTO `pages` (`id`, `parent_id`, `templates_id`, `name`, `status`, `modified`, `modified_users_id`, `created`, `created_users_id`, `published`, `sort`) VALUES('22', '2', '2', 'setup', '21', '2023-01-19 13:04:50', '41', '2023-01-19 13:04:50', '41', '2023-01-19 13:04:50', '1');
INSERT INTO `pages` (`id`, `parent_id`, `templates_id`, `name`, `status`, `modified`, `modified_users_id`, `created`, `created_users_id`, `published`, `sort`) VALUES('23', '2', '2', 'login', '1035', '2023-01-19 13:04:50', '41', '2023-01-19 13:04:50', '41', '2023-01-19 13:04:50', '4');
INSERT INTO `pages` (`id`, `parent_id`, `templates_id`, `name`, `status`, `modified`, `modified_users_id`, `created`, `created_users_id`, `published`, `sort`) VALUES('27', '1', '43', 'http404', '1035', '2023-02-11 20:35:03', '41', '2023-01-19 13:04:50', '3', '2023-02-05 11:16:05', '4');
INSERT INTO `pages` (`id`, `parent_id`, `templates_id`, `name`, `status`, `modified`, `modified_users_id`, `created`, `created_users_id`, `published`, `sort`) VALUES('28', '2', '2', 'access', '13', '2023-01-19 13:04:50', '41', '2023-01-19 13:04:50', '41', '2023-01-19 13:04:50', '3');
INSERT INTO `pages` (`id`, `parent_id`, `templates_id`, `name`, `status`, `modified`, `modified_users_id`, `created`, `created_users_id`, `published`, `sort`) VALUES('29', '28', '2', 'users', '29', '2023-01-19 13:04:50', '41', '2023-01-19 13:04:50', '41', '2023-01-19 13:04:50', '0');
INSERT INTO `pages` (`id`, `parent_id`, `templates_id`, `name`, `status`, `modified`, `modified_users_id`, `created`, `created_users_id`, `published`, `sort`) VALUES('30', '28', '2', 'roles', '29', '2023-01-19 13:04:50', '41', '2023-01-19 13:04:50', '41', '2023-01-19 13:04:50', '1');
INSERT INTO `pages` (`id`, `parent_id`, `templates_id`, `name`, `status`, `modified`, `modified_users_id`, `created`, `created_users_id`, `published`, `sort`) VALUES('31', '28', '2', 'permissions', '29', '2023-01-19 13:04:50', '41', '2023-01-19 13:04:50', '41', '2023-01-19 13:04:50', '2');
INSERT INTO `pages` (`id`, `parent_id`, `templates_id`, `name`, `status`, `modified`, `modified_users_id`, `created`, `created_users_id`, `published`, `sort`) VALUES('32', '31', '5', 'page-edit', '25', '2023-01-19 13:04:50', '41', '2023-01-19 13:04:50', '41', '2023-01-19 13:04:50', '2');
INSERT INTO `pages` (`id`, `parent_id`, `templates_id`, `name`, `status`, `modified`, `modified_users_id`, `created`, `created_users_id`, `published`, `sort`) VALUES('34', '31', '5', 'page-delete', '25', '2023-01-19 13:04:50', '41', '2023-01-19 13:04:50', '41', '2023-01-19 13:04:50', '3');
INSERT INTO `pages` (`id`, `parent_id`, `templates_id`, `name`, `status`, `modified`, `modified_users_id`, `created`, `created_users_id`, `published`, `sort`) VALUES('35', '31', '5', 'page-move', '25', '2023-01-19 13:04:50', '41', '2023-01-19 13:04:50', '41', '2023-01-19 13:04:50', '4');
INSERT INTO `pages` (`id`, `parent_id`, `templates_id`, `name`, `status`, `modified`, `modified_users_id`, `created`, `created_users_id`, `published`, `sort`) VALUES('36', '31', '5', 'page-view', '25', '2023-01-19 13:04:50', '41', '2023-01-19 13:04:50', '41', '2023-01-19 13:04:50', '0');
INSERT INTO `pages` (`id`, `parent_id`, `templates_id`, `name`, `status`, `modified`, `modified_users_id`, `created`, `created_users_id`, `published`, `sort`) VALUES('37', '30', '4', 'guest', '25', '2023-01-19 13:04:50', '41', '2023-01-19 13:04:50', '41', '2023-01-19 13:04:50', '0');
INSERT INTO `pages` (`id`, `parent_id`, `templates_id`, `name`, `status`, `modified`, `modified_users_id`, `created`, `created_users_id`, `published`, `sort`) VALUES('38', '30', '4', 'superuser', '25', '2023-01-19 13:04:50', '41', '2023-01-19 13:04:50', '41', '2023-01-19 13:04:50', '1');
INSERT INTO `pages` (`id`, `parent_id`, `templates_id`, `name`, `status`, `modified`, `modified_users_id`, `created`, `created_users_id`, `published`, `sort`) VALUES('40', '29', '3', 'guest', '25', '2023-01-19 14:11:17', '41', '2023-01-19 13:04:50', '41', '2023-01-19 13:04:50', '1');
INSERT INTO `pages` (`id`, `parent_id`, `templates_id`, `name`, `status`, `modified`, `modified_users_id`, `created`, `created_users_id`, `published`, `sort`) VALUES('41', '29', '3', 'chadm', '1', '2025-12-11 19:00:29', '40', '2023-01-19 13:04:50', '41', '2023-01-19 13:04:50', '0');
INSERT INTO `pages` (`id`, `parent_id`, `templates_id`, `name`, `status`, `modified`, `modified_users_id`, `created`, `created_users_id`, `published`, `sort`) VALUES('50', '31', '5', 'page-sort', '25', '2023-01-19 13:04:50', '41', '2023-01-19 13:04:50', '41', '2023-01-19 13:04:50', '5');
INSERT INTO `pages` (`id`, `parent_id`, `templates_id`, `name`, `status`, `modified`, `modified_users_id`, `created`, `created_users_id`, `published`, `sort`) VALUES('51', '31', '5', 'page-template', '25', '2023-01-19 13:04:50', '41', '2023-01-19 13:04:50', '41', '2023-01-19 13:04:50', '6');
INSERT INTO `pages` (`id`, `parent_id`, `templates_id`, `name`, `status`, `modified`, `modified_users_id`, `created`, `created_users_id`, `published`, `sort`) VALUES('52', '31', '5', 'user-admin', '25', '2023-01-19 13:04:50', '41', '2023-01-19 13:04:50', '41', '2023-01-19 13:04:50', '10');
INSERT INTO `pages` (`id`, `parent_id`, `templates_id`, `name`, `status`, `modified`, `modified_users_id`, `created`, `created_users_id`, `published`, `sort`) VALUES('53', '31', '5', 'profile-edit', '1', '2023-01-19 13:04:50', '41', '2023-01-19 13:04:50', '41', '2023-01-19 13:04:50', '13');
INSERT INTO `pages` (`id`, `parent_id`, `templates_id`, `name`, `status`, `modified`, `modified_users_id`, `created`, `created_users_id`, `published`, `sort`) VALUES('54', '31', '5', 'page-lock', '1', '2023-01-19 13:04:50', '41', '2023-01-19 13:04:50', '41', '2023-01-19 13:04:50', '8');
INSERT INTO `pages` (`id`, `parent_id`, `templates_id`, `name`, `status`, `modified`, `modified_users_id`, `created`, `created_users_id`, `published`, `sort`) VALUES('300', '3', '2', 'search', '1045', '2023-01-19 13:04:50', '41', '2023-01-19 13:04:50', '41', '2023-01-19 13:04:50', '6');
INSERT INTO `pages` (`id`, `parent_id`, `templates_id`, `name`, `status`, `modified`, `modified_users_id`, `created`, `created_users_id`, `published`, `sort`) VALUES('301', '3', '2', 'trash', '1047', '2023-01-19 13:04:50', '41', '2023-01-19 13:04:50', '41', '2023-01-19 13:04:50', '6');
INSERT INTO `pages` (`id`, `parent_id`, `templates_id`, `name`, `status`, `modified`, `modified_users_id`, `created`, `created_users_id`, `published`, `sort`) VALUES('302', '3', '2', 'link', '1041', '2023-01-19 13:04:50', '41', '2023-01-19 13:04:50', '41', '2023-01-19 13:04:50', '7');
INSERT INTO `pages` (`id`, `parent_id`, `templates_id`, `name`, `status`, `modified`, `modified_users_id`, `created`, `created_users_id`, `published`, `sort`) VALUES('303', '3', '2', 'image', '1041', '2023-01-19 13:04:50', '41', '2023-01-19 13:04:50', '41', '2023-01-19 13:04:50', '8');
INSERT INTO `pages` (`id`, `parent_id`, `templates_id`, `name`, `status`, `modified`, `modified_users_id`, `created`, `created_users_id`, `published`, `sort`) VALUES('304', '2', '2', 'profile', '1025', '2023-01-19 13:04:50', '41', '2023-01-19 13:04:50', '41', '2023-01-19 13:04:50', '5');
INSERT INTO `pages` (`id`, `parent_id`, `templates_id`, `name`, `status`, `modified`, `modified_users_id`, `created`, `created_users_id`, `published`, `sort`) VALUES('1006', '31', '5', 'page-lister', '1', '2023-01-19 13:04:50', '40', '2023-01-19 13:04:50', '40', '2023-01-19 13:04:50', '9');
INSERT INTO `pages` (`id`, `parent_id`, `templates_id`, `name`, `status`, `modified`, `modified_users_id`, `created`, `created_users_id`, `published`, `sort`) VALUES('1007', '3', '2', 'lister', '1', '2023-01-19 13:04:50', '40', '2023-01-19 13:04:50', '40', '2023-01-19 13:04:50', '9');
INSERT INTO `pages` (`id`, `parent_id`, `templates_id`, `name`, `status`, `modified`, `modified_users_id`, `created`, `created_users_id`, `published`, `sort`) VALUES('1010', '3', '2', 'recent-pages', '1', '2023-01-19 13:05:02', '40', '2023-01-19 13:05:02', '40', '2023-01-19 13:05:02', '10');
INSERT INTO `pages` (`id`, `parent_id`, `templates_id`, `name`, `status`, `modified`, `modified_users_id`, `created`, `created_users_id`, `published`, `sort`) VALUES('1011', '31', '5', 'page-edit-recent', '1', '2023-01-19 13:05:02', '40', '2023-01-19 13:05:02', '40', '2023-01-19 13:05:02', '10');
INSERT INTO `pages` (`id`, `parent_id`, `templates_id`, `name`, `status`, `modified`, `modified_users_id`, `created`, `created_users_id`, `published`, `sort`) VALUES('1012', '22', '2', 'logs', '1', '2023-01-19 13:05:07', '40', '2023-01-19 13:05:07', '40', '2023-01-19 13:05:07', '2');
INSERT INTO `pages` (`id`, `parent_id`, `templates_id`, `name`, `status`, `modified`, `modified_users_id`, `created`, `created_users_id`, `published`, `sort`) VALUES('1013', '31', '5', 'logs-view', '1', '2023-01-19 13:05:07', '40', '2023-01-19 13:05:07', '40', '2023-01-19 13:05:07', '11');
INSERT INTO `pages` (`id`, `parent_id`, `templates_id`, `name`, `status`, `modified`, `modified_users_id`, `created`, `created_users_id`, `published`, `sort`) VALUES('1014', '31', '5', 'logs-edit', '1', '2023-01-19 13:05:07', '40', '2023-01-19 13:05:07', '40', '2023-01-19 13:05:07', '12');
INSERT INTO `pages` (`id`, `parent_id`, `templates_id`, `name`, `status`, `modified`, `modified_users_id`, `created`, `created_users_id`, `published`, `sort`) VALUES('1015', '7', '2', '1015.22.3_appapi', '8193', '2024-12-25 11:18:49', '41', '2023-01-19 13:10:08', '41', '2023-01-19 13:10:08', '3');
INSERT INTO `pages` (`id`, `parent_id`, `templates_id`, `name`, `status`, `modified`, `modified_users_id`, `created`, `created_users_id`, `published`, `sort`) VALUES('1017', '22', '2', 'db-backups', '1', '2023-01-19 13:12:59', '41', '2023-01-19 13:12:59', '41', '2023-01-19 13:12:59', '4');
INSERT INTO `pages` (`id`, `parent_id`, `templates_id`, `name`, `status`, `modified`, `modified_users_id`, `created`, `created_users_id`, `published`, `sort`) VALUES('1018', '31', '5', 'db-backup', '1', '2023-01-19 13:12:59', '41', '2023-01-19 13:12:59', '41', '2023-01-19 13:12:59', '14');
INSERT INTO `pages` (`id`, `parent_id`, `templates_id`, `name`, `status`, `modified`, `modified_users_id`, `created`, `created_users_id`, `published`, `sort`) VALUES('1020', '1', '29', 'hello-world', '1', '2023-04-05 18:32:57', '41', '2023-01-19 13:43:55', '41', '2023-02-11 20:03:43', '3');
INSERT INTO `pages` (`id`, `parent_id`, `templates_id`, `name`, `status`, `modified`, `modified_users_id`, `created`, `created_users_id`, `published`, `sort`) VALUES('1021', '31', '5', 'lang-edit', '1', '2023-01-19 14:11:17', '41', '2023-01-19 14:11:17', '41', '2023-01-19 14:11:17', '15');
INSERT INTO `pages` (`id`, `parent_id`, `templates_id`, `name`, `status`, `modified`, `modified_users_id`, `created`, `created_users_id`, `published`, `sort`) VALUES('1022', '22', '2', 'languages', '16', '2023-01-19 14:11:17', '41', '2023-01-19 14:11:17', '41', '2023-01-19 14:11:17', '6');
INSERT INTO `pages` (`id`, `parent_id`, `templates_id`, `name`, `status`, `modified`, `modified_users_id`, `created`, `created_users_id`, `published`, `sort`) VALUES('1023', '1022', '44', 'default', '16', '2023-02-11 20:09:43', '41', '2023-01-19 14:11:17', '41', '2023-01-19 14:11:17', '0');
INSERT INTO `pages` (`id`, `parent_id`, `templates_id`, `name`, `status`, `modified`, `modified_users_id`, `created`, `created_users_id`, `published`, `sort`) VALUES('1024', '22', '2', 'language-translator', '1040', '2023-01-19 14:11:17', '41', '2023-01-19 14:11:17', '41', '2023-01-19 14:11:17', '7');
INSERT INTO `pages` (`id`, `parent_id`, `templates_id`, `name`, `status`, `modified`, `modified_users_id`, `created`, `created_users_id`, `published`, `sort`) VALUES('1025', '1022', '44', 'en', '1', '2023-02-15 11:12:08', '41', '2023-01-19 14:11:41', '41', '2023-01-19 14:11:41', '1');
INSERT INTO `pages` (`id`, `parent_id`, `templates_id`, `name`, `status`, `modified`, `modified_users_id`, `created`, `created_users_id`, `published`, `sort`) VALUES('1028', '2', '2', 'repeaters', '1036', '2023-02-08 16:37:36', '41', '2023-02-08 16:37:36', '41', '2023-02-08 16:37:36', '6');
INSERT INTO `pages` (`id`, `parent_id`, `templates_id`, `name`, `status`, `modified`, `modified_users_id`, `created`, `created_users_id`, `published`, `sort`) VALUES('1029', '1028', '2', 'for-field-106', '17', '2023-02-08 16:38:08', '41', '2023-02-08 16:38:08', '41', '2023-02-08 16:38:08', '0');
INSERT INTO `pages` (`id`, `parent_id`, `templates_id`, `name`, `status`, `modified`, `modified_users_id`, `created`, `created_users_id`, `published`, `sort`) VALUES('1033', '1029', '2', 'for-page-1026', '17', '2023-02-09 23:14:46', '41', '2023-02-09 23:14:46', '41', '2023-02-09 23:14:46', '1');
INSERT INTO `pages` (`id`, `parent_id`, `templates_id`, `name`, `status`, `modified`, `modified_users_id`, `created`, `created_users_id`, `published`, `sort`) VALUES('1034', '1029', '2', 'for-page-1020', '17', '2023-02-11 20:03:22', '41', '2023-02-11 20:03:22', '41', '2023-02-11 20:03:22', '2');
INSERT INTO `pages` (`id`, `parent_id`, `templates_id`, `name`, `status`, `modified`, `modified_users_id`, `created`, `created_users_id`, `published`, `sort`) VALUES('1035', '1034', '45', '1676142426-1911-1', '3073', '2023-02-11 20:07:06', '41', '2023-02-11 20:07:06', '41', NULL, '0');
INSERT INTO `pages` (`id`, `parent_id`, `templates_id`, `name`, `status`, `modified`, `modified_users_id`, `created`, `created_users_id`, `published`, `sort`) VALUES('1036', '1034', '45', '1676142427-5548-1', '3073', '2023-02-11 20:07:07', '41', '2023-02-11 20:07:07', '41', NULL, '1');
INSERT INTO `pages` (`id`, `parent_id`, `templates_id`, `name`, `status`, `modified`, `modified_users_id`, `created`, `created_users_id`, `published`, `sort`) VALUES('1037', '30', '4', 'publisher', '1', '2023-03-01 08:48:57', '41', '2023-03-01 08:48:42', '41', '2023-03-01 08:48:57', '2');
INSERT INTO `pages` (`id`, `parent_id`, `templates_id`, `name`, `status`, `modified`, `modified_users_id`, `created`, `created_users_id`, `published`, `sort`) VALUES('1038', '22', '2', 'appapi', '1', '2024-12-25 11:20:26', '41', '2024-12-25 11:20:26', '41', '2024-12-25 11:20:26', '7');
INSERT INTO `pages` (`id`, `parent_id`, `templates_id`, `name`, `status`, `modified`, `modified_users_id`, `created`, `created_users_id`, `published`, `sort`) VALUES('1039', '31', '5', 'appapi_manage_applications', '1', '2024-12-25 11:20:26', '41', '2024-12-25 11:20:26', '41', '2024-12-25 11:20:26', '15');

DROP TABLE IF EXISTS `pages_access`;
CREATE TABLE `pages_access` (
  `pages_id` int(11) NOT NULL,
  `templates_id` int(11) NOT NULL,
  `ts` timestamp NOT NULL DEFAULT CURRENT_TIMESTAMP ON UPDATE CURRENT_TIMESTAMP,
  PRIMARY KEY (`pages_id`),
  KEY `templates_id` (`templates_id`)
) ENGINE=InnoDB DEFAULT CHARSET=utf8mb4;

INSERT INTO `pages_access` (`pages_id`, `templates_id`, `ts`) VALUES('27', '1', '2023-01-19 13:45:15');
INSERT INTO `pages_access` (`pages_id`, `templates_id`, `ts`) VALUES('32', '2', '2023-01-19 13:04:50');
INSERT INTO `pages_access` (`pages_id`, `templates_id`, `ts`) VALUES('34', '2', '2023-01-19 13:04:50');
INSERT INTO `pages_access` (`pages_id`, `templates_id`, `ts`) VALUES('35', '2', '2023-01-19 13:04:50');
INSERT INTO `pages_access` (`pages_id`, `templates_id`, `ts`) VALUES('36', '2', '2023-01-19 13:04:50');
INSERT INTO `pages_access` (`pages_id`, `templates_id`, `ts`) VALUES('37', '2', '2023-01-19 13:04:50');
INSERT INTO `pages_access` (`pages_id`, `templates_id`, `ts`) VALUES('38', '2', '2023-01-19 13:04:50');
INSERT INTO `pages_access` (`pages_id`, `templates_id`, `ts`) VALUES('50', '2', '2023-01-19 13:04:50');
INSERT INTO `pages_access` (`pages_id`, `templates_id`, `ts`) VALUES('51', '2', '2023-01-19 13:04:50');
INSERT INTO `pages_access` (`pages_id`, `templates_id`, `ts`) VALUES('52', '2', '2023-01-19 13:04:50');
INSERT INTO `pages_access` (`pages_id`, `templates_id`, `ts`) VALUES('53', '2', '2023-01-19 13:04:50');
INSERT INTO `pages_access` (`pages_id`, `templates_id`, `ts`) VALUES('54', '2', '2023-01-19 13:04:50');
INSERT INTO `pages_access` (`pages_id`, `templates_id`, `ts`) VALUES('1006', '2', '2023-01-19 13:04:50');
INSERT INTO `pages_access` (`pages_id`, `templates_id`, `ts`) VALUES('1011', '2', '2023-01-19 13:05:02');
INSERT INTO `pages_access` (`pages_id`, `templates_id`, `ts`) VALUES('1013', '2', '2023-01-19 13:05:07');
INSERT INTO `pages_access` (`pages_id`, `templates_id`, `ts`) VALUES('1014', '2', '2023-01-19 13:05:07');
INSERT INTO `pages_access` (`pages_id`, `templates_id`, `ts`) VALUES('1018', '2', '2023-01-19 13:12:59');
INSERT INTO `pages_access` (`pages_id`, `templates_id`, `ts`) VALUES('1020', '1', '2023-01-19 13:43:55');
INSERT INTO `pages_access` (`pages_id`, `templates_id`, `ts`) VALUES('1021', '2', '2023-01-19 14:11:17');
INSERT INTO `pages_access` (`pages_id`, `templates_id`, `ts`) VALUES('1023', '2', '2023-01-19 14:11:17');
INSERT INTO `pages_access` (`pages_id`, `templates_id`, `ts`) VALUES('1025', '2', '2023-01-19 14:11:41');
INSERT INTO `pages_access` (`pages_id`, `templates_id`, `ts`) VALUES('1035', '2', '2023-02-11 20:07:06');
INSERT INTO `pages_access` (`pages_id`, `templates_id`, `ts`) VALUES('1036', '2', '2023-02-11 20:07:07');
INSERT INTO `pages_access` (`pages_id`, `templates_id`, `ts`) VALUES('1037', '2', '2023-03-01 08:48:42');
INSERT INTO `pages_access` (`pages_id`, `templates_id`, `ts`) VALUES('1039', '2', '2024-12-25 11:20:26');

DROP TABLE IF EXISTS `pages_parents`;
CREATE TABLE `pages_parents` (
  `pages_id` int(10) unsigned NOT NULL,
  `parents_id` int(10) unsigned NOT NULL,
  PRIMARY KEY (`pages_id`,`parents_id`)
) ENGINE=InnoDB DEFAULT CHARSET=utf8mb4;

INSERT INTO `pages_parents` (`pages_id`, `parents_id`) VALUES('2', '1');
INSERT INTO `pages_parents` (`pages_id`, `parents_id`) VALUES('3', '1');
INSERT INTO `pages_parents` (`pages_id`, `parents_id`) VALUES('3', '2');
INSERT INTO `pages_parents` (`pages_id`, `parents_id`) VALUES('7', '1');
INSERT INTO `pages_parents` (`pages_id`, `parents_id`) VALUES('22', '1');
INSERT INTO `pages_parents` (`pages_id`, `parents_id`) VALUES('22', '2');
INSERT INTO `pages_parents` (`pages_id`, `parents_id`) VALUES('28', '1');
INSERT INTO `pages_parents` (`pages_id`, `parents_id`) VALUES('28', '2');
INSERT INTO `pages_parents` (`pages_id`, `parents_id`) VALUES('29', '1');
INSERT INTO `pages_parents` (`pages_id`, `parents_id`) VALUES('29', '2');
INSERT INTO `pages_parents` (`pages_id`, `parents_id`) VALUES('29', '28');
INSERT INTO `pages_parents` (`pages_id`, `parents_id`) VALUES('30', '1');
INSERT INTO `pages_parents` (`pages_id`, `parents_id`) VALUES('30', '2');
INSERT INTO `pages_parents` (`pages_id`, `parents_id`) VALUES('30', '28');
INSERT INTO `pages_parents` (`pages_id`, `parents_id`) VALUES('31', '1');
INSERT INTO `pages_parents` (`pages_id`, `parents_id`) VALUES('31', '2');
INSERT INTO `pages_parents` (`pages_id`, `parents_id`) VALUES('31', '28');
INSERT INTO `pages_parents` (`pages_id`, `parents_id`) VALUES('1015', '7');
INSERT INTO `pages_parents` (`pages_id`, `parents_id`) VALUES('1022', '2');
INSERT INTO `pages_parents` (`pages_id`, `parents_id`) VALUES('1022', '22');
INSERT INTO `pages_parents` (`pages_id`, `parents_id`) VALUES('1028', '2');
INSERT INTO `pages_parents` (`pages_id`, `parents_id`) VALUES('1029', '2');
INSERT INTO `pages_parents` (`pages_id`, `parents_id`) VALUES('1029', '1028');
INSERT INTO `pages_parents` (`pages_id`, `parents_id`) VALUES('1034', '2');
INSERT INTO `pages_parents` (`pages_id`, `parents_id`) VALUES('1034', '1028');
INSERT INTO `pages_parents` (`pages_id`, `parents_id`) VALUES('1034', '1029');

DROP TABLE IF EXISTS `pages_sortfields`;
CREATE TABLE `pages_sortfields` (
  `pages_id` int(10) unsigned NOT NULL DEFAULT '0',
  `sortfield` varchar(20) NOT NULL DEFAULT '',
  PRIMARY KEY (`pages_id`)
) ENGINE=InnoDB DEFAULT CHARSET=utf8mb4;


DROP TABLE IF EXISTS `session_login_throttle`;
CREATE TABLE `session_login_throttle` (
  `name` varchar(128) NOT NULL,
  `attempts` int(10) unsigned NOT NULL DEFAULT '0',
  `last_attempt` int(10) unsigned NOT NULL,
  PRIMARY KEY (`name`)
) ENGINE=InnoDB DEFAULT CHARSET=utf8mb4;

INSERT INTO `session_login_throttle` (`name`, `attempts`, `last_attempt`) VALUES('chadm', '1', '1767620039');

DROP TABLE IF EXISTS `templates`;
CREATE TABLE `templates` (
  `id` int(10) unsigned NOT NULL AUTO_INCREMENT,
  `name` varchar(191) CHARACTER SET ascii NOT NULL,
  `fieldgroups_id` int(10) unsigned NOT NULL DEFAULT '0',
  `flags` int(11) NOT NULL DEFAULT '0',
  `cache_time` mediumint(9) NOT NULL DEFAULT '0',
  `data` text NOT NULL,
  PRIMARY KEY (`id`),
  UNIQUE KEY `name` (`name`),
  KEY `fieldgroups_id` (`fieldgroups_id`)
) ENGINE=InnoDB AUTO_INCREMENT=46 DEFAULT CHARSET=utf8mb4;

INSERT INTO `templates` (`id`, `name`, `fieldgroups_id`, `flags`, `cache_time`, `data`) VALUES('1', 'home', '1', '0', '0', '{\"useRoles\":1,\"noParents\":1,\"slashUrls\":1,\"compile\":3,\"modified\":1677656937,\"ns\":\"ProcessWire\",\"_lazy\":1,\"roles\":[37,1037]}');
INSERT INTO `templates` (`id`, `name`, `fieldgroups_id`, `flags`, `cache_time`, `data`) VALUES('2', 'admin', '2', '8', '0', '{\"useRoles\":1,\"parentTemplates\":[2],\"allowPageNum\":1,\"redirectLogin\":23,\"slashUrls\":1,\"noGlobal\":1,\"compile\":3,\"modified\":1765475399,\"ns\":\"ProcessWire\",\"_lazy\":1}');
INSERT INTO `templates` (`id`, `name`, `fieldgroups_id`, `flags`, `cache_time`, `data`) VALUES('3', 'user', '3', '8', '0', '{\"useRoles\":1,\"noChildren\":1,\"parentTemplates\":[2],\"slashUrls\":1,\"pageClass\":\"User\",\"noGlobal\":1,\"noMove\":1,\"noTrash\":1,\"noSettings\":1,\"noChangeTemplate\":1,\"nameContentTab\":1}');
INSERT INTO `templates` (`id`, `name`, `fieldgroups_id`, `flags`, `cache_time`, `data`) VALUES('4', 'role', '4', '8', '0', '{\"noChildren\":1,\"parentTemplates\":[2],\"slashUrls\":1,\"pageClass\":\"Role\",\"noGlobal\":1,\"noMove\":1,\"noTrash\":1,\"noSettings\":1,\"noChangeTemplate\":1,\"nameContentTab\":1}');
INSERT INTO `templates` (`id`, `name`, `fieldgroups_id`, `flags`, `cache_time`, `data`) VALUES('5', 'permission', '5', '8', '0', '{\"noChildren\":1,\"parentTemplates\":[2],\"slashUrls\":1,\"guestSearchable\":1,\"pageClass\":\"Permission\",\"noGlobal\":1,\"noMove\":1,\"noTrash\":1,\"noSettings\":1,\"noChangeTemplate\":1,\"nameContentTab\":1}');
INSERT INTO `templates` (`id`, `name`, `fieldgroups_id`, `flags`, `cache_time`, `data`) VALUES('29', 'basic-page', '83', '0', '0', '{\"slashUrls\":1,\"compile\":0,\"modified\":1676457502,\"ns\":\"ProcessWire\",\"_lazy\":1}');
INSERT INTO `templates` (`id`, `name`, `fieldgroups_id`, `flags`, `cache_time`, `data`) VALUES('43', 'http-status', '97', '0', '0', '{\"noChildren\":1,\"slashUrls\":1,\"compile\":0,\"modified\":1674132293,\"ns\":\"ProcessWire\",\"_lazy\":1}');
INSERT INTO `templates` (`id`, `name`, `fieldgroups_id`, `flags`, `cache_time`, `data`) VALUES('44', 'language', '98', '8', '0', '{\"parentTemplates\":[2],\"slashUrls\":1,\"pageClass\":\"Language\",\"pageLabelField\":\"name\",\"noGlobal\":1,\"noMove\":1,\"noTrash\":1,\"noChangeTemplate\":1,\"noUnpublish\":1,\"compile\":3,\"nameContentTab\":1,\"modified\":1674133877}');
INSERT INTO `templates` (`id`, `name`, `fieldgroups_id`, `flags`, `cache_time`, `data`) VALUES('45', 'repeater_content', '99', '8', '0', '{\"noChildren\":1,\"noParents\":1,\"slashUrls\":1,\"pageClass\":\"RepeaterMatrixPage\",\"noGlobal\":1,\"compile\":3,\"modified\":1675870688}');

# --- /WireDatabaseBackup {"numTables":31,"numCreateTables":31,"numInserts":612,"numSeconds":0}